"Kod";"Nazwa";"ogółem;2013;[-]";"ogółem;2014;[-]";"ogółem;2015;[-]";"ogółem;2016;[-]";"ogółem;2017;[-]";"ogółem;2018;[-]";
0000000;"POLSKA";-0,5;0,0;-0,7;-0,1;0,0;-0,7;
0200000;"DOLNOŚLĄSKIE";-1,6;-0,9;-1,8;-1,1;-1,3;-1,8;
0201000;"Powiat bolesławiecki";-0,6;0,2;-0,8;-0,4;-0,4;-1,3;
0202000;"Powiat dzierżoniowski";-4,4;-3,1;-4,4;-3,8;-4,6;-4,9;
0203000;"Powiat głogowski";0,9;1,9;1,1;0,5;0,2;-1,2;
0204000;"Powiat górowski";-0,7;1,4;-2,3;-1,8;-1,5;-2,4;
0205000;"Powiat jaworski";-2,8;-1,7;-3,5;-2,4;-2,6;-3,4;
0206000;"Powiat jeleniogórski";-4,4;-3,1;-3,5;-5,2;-4,8;-6,8;
0207000;"Powiat kamiennogórski";-5,0;-4,2;-4,4;-2,7;-3,3;-5,1;
0208000;"Powiat kłodzki";-4,4;-3,5;-5,3;-5,3;-4,7;-5,6;
0209000;"Powiat legnicki";-2,5;-0,9;-0,9;-1,2;-0,9;-2,2;
0210000;"Powiat lubański";-3,7;-2,8;-2,8;-2,5;-3,8;-4,6;
0211000;"Powiat lubiński";0,3;1,4;0,0;0,5;-0,2;-0,1;
0212000;"Powiat lwówecki";-3,7;-2,9;-2,8;-2,7;-3,5;-3,8;
0213000;"Powiat milicki";0,9;1,4;-0,4;-0,8;1,3;0,1;
0214000;"Powiat oleśnicki";0,3;1,7;0,9;1,2;0,7;0,6;
0215000;"Powiat oławski";1,0;0,5;1,2;2,0;1,0;0,3;
0216000;"Powiat polkowicki";2,2;1,6;0,2;1,0;1,1;0,3;
0217000;"Powiat strzeliński";-2,3;-1,4;-2,1;-1,2;-1,0;-2,6;
0218000;"Powiat średzki";0,1;1,1;-1,8;0,4;0,1;-0,5;
0219000;"Powiat świdnicki";-1,8;-2,2;-2,7;-2,1;-1,7;-3,4;
0220000;"Powiat trzebnicki";0,2;0,3;0,3;1,4;0,3;-0,3;
0221000;"Powiat wałbrzyski";-5,0;-4,4;-5,7;-5,5;-5,6;-5,7;
0222000;"Powiat wołowski";-0,8;-0,8;-3,5;0,0;-0,3;-1,2;
0223000;"Powiat wrocławski";3,4;4,3;3,7;4,7;5,6;5,6;
0224000;"Powiat ząbkowicki";-4,0;-3,3;-5,1;-5,6;-5,1;-5,7;
0225000;"Powiat zgorzelecki";-2,5;-3,2;-3,8;-3,3;-4,2;-5,2;
0226000;"Powiat złotoryjski";-2,3;-0,9;-3,0;-1,5;-1,1;-2,4;
0261000;"Powiat m.Jelenia Góra";-4,5;-4,1;-4,2;-5,2;-5,0;-6,1;
0262000;"Powiat m.Legnica";-2,3;-2,3;-1,6;-1,0;-1,4;-2,2;
0264000;"Powiat m.Wrocław";-0,7;0,1;-0,7;1,0;0,4;0,8;
0265000;"Powiat m.Wałbrzych od 2013";-6,1;-5,6;-6,7;-6,4;-6,3;-6,8;
0400000;"KUJAWSKO-POMORSKIE";-0,3;0,0;-0,6;-0,3;-0,2;-1,3;
0401000;"Powiat aleksandrowski";-1,5;-3,0;-2,4;-3,0;-1,3;-4,7;
0402000;"Powiat brodnicki";2,1;2,4;1,2;1,9;2,5;1,2;
0403000;"Powiat bydgoski";1,6;2,3;1,8;2,5;1,8;1,2;
0404000;"Powiat chełmiński";0,1;1,1;-0,9;0,2;0,6;0,2;
0405000;"Powiat golubsko-dobrzyński";1,0;1,5;-0,2;0,0;1,7;-0,9;
0406000;"Powiat grudziądzki";1,5;2,8;0,8;0,7;1,7;0,9;
0407000;"Powiat inowrocławski";-1,3;-1,4;-1,8;-2,1;-1,4;-3,3;
0408000;"Powiat lipnowski";0,0;0,7;-0,1;-0,1;-0,3;-2,0;
0409000;"Powiat mogileński";-1,4;-0,4;0,1;-0,3;0,5;-0,4;
0410000;"Powiat nakielski";2,4;1,7;1,0;1,3;0,9;0,0;
0411000;"Powiat radziejowski";-0,8;-1,4;-2,3;-1,8;-2,9;-3,1;
0412000;"Powiat rypiński";0,1;0,3;-2,4;-1,3;0,0;-1,8;
0413000;"Powiat sępoleński";1,5;0,9;-0,5;-0,3;1,9;-1,1;
0414000;"Powiat świecki";1,2;1,5;0,5;-0,1;-0,1;0,3;
0415000;"Powiat toruński";2,7;2,8;2,6;2,5;2,1;1,2;
0416000;"Powiat tucholski";1,3;2,2;1,4;1,8;1,7;1,5;
0417000;"Powiat wąbrzeski";-0,8;0,2;1,5;0,4;-0,5;-0,3;
0418000;"Powiat włocławski";-2,2;-1,4;-2,3;-1,8;-2,2;-2,2;
0419000;"Powiat żniński";0,3;0,6;0,1;-0,2;1,0;-1,2;
0461000;"Powiat m.Bydgoszcz";-1,7;-1,2;-1,7;-1,3;-1,3;-2,5;
0462000;"Powiat m.Grudziądz";-2,3;-1,1;-2,2;-2,2;-1,8;-4,3;
0463000;"Powiat m.Toruń";-0,3;0,0;0,2;0,9;0,7;0,0;
0464000;"Powiat m.Włocławek";-2,8;-3,5;-4,4;-2,6;-3,3;-4,1;
0600000;"LUBELSKIE";-1,4;-1,1;-1,4;-1,2;-1,2;-1,7;
0601000;"Powiat bialski";-2,0;-1,6;-1,6;-1,1;-1,4;-1,9;
0602000;"Powiat biłgorajski";-1,4;-1,0;-0,9;-1,1;-1,1;-2,1;
0603000;"Powiat chełmski";-2,6;-2,2;-3,9;-3,3;-3,5;-3,0;
0604000;"Powiat hrubieszowski";-4,4;-3,2;-3,5;-4,7;-5,3;-5,0;
0605000;"Powiat janowski";-2,9;-2,8;-3,6;-2,2;-2,2;-2,6;
0606000;"Powiat krasnostawski";-5,4;-6,4;-5,9;-5,2;-5,1;-5,3;
0607000;"Powiat kraśnicki";-2,0;-2,8;-3,6;-2,6;-2,8;-2,9;
0608000;"Powiat lubartowski";-2,1;-2,2;-1,9;-1,5;-2,3;-1,7;
0609000;"Powiat lubelski";-0,4;-0,2;-0,1;0,1;1,0;0,4;
0610000;"Powiat łęczyński";2,8;2,8;2,9;3,3;2,8;2,1;
0611000;"Powiat łukowski";1,0;1,5;1,6;1,2;2,4;1,2;
0612000;"Powiat opolski";-3,5;-2,4;-4,8;-2,5;-2,3;-3,7;
0613000;"Powiat parczewski";-2,7;-2,0;-2,1;-2,2;-2,7;-3,1;
0614000;"Powiat puławski";-2,9;-1,3;-3,1;-3,1;-2,2;-2,6;
0615000;"Powiat radzyński";-1,7;-0,5;-1,6;-0,6;-1,4;-2,2;
0616000;"Powiat rycki";-1,3;-0,2;-1,5;-0,7;-0,7;-2,5;
0617000;"Powiat świdnicki";-0,1;-1,3;-1,0;-1,4;-0,1;-2,1;
0618000;"Powiat tomaszowski";-2,3;-2,1;-3,7;-2,9;-4,0;-3,7;
0619000;"Powiat włodawski";-2,9;-1,0;-2,6;-2,5;-1,5;-2,9;
0620000;"Powiat zamojski";-3,9;-3,6;-3,7;-3,8;-3,5;-4,0;
0661000;"Powiat m.Biała Podlaska";1,2;2,2;2,4;2,5;3,6;1,5;
0662000;"Powiat m.Chełm";-1,6;-1,2;-1,5;-2,2;-1,9;-3,0;
0663000;"Powiat m.Lublin";0,1;0,4;0,6;0,4;0,1;0,2;
0664000;"Powiat m.Zamość";0,3;0,6;0,5;0,6;-0,4;-1,3;
0800000;"LUBUSKIE";-0,3;0,2;-0,7;-0,2;0,0;-1,5;
0801000;"Powiat gorzowski";1,8;1,2;0,1;0,5;0,8;-1,6;
0802000;"Powiat krośnieński";-1,4;-0,7;-1,1;-0,9;-0,7;-1,0;
0803000;"Powiat międzyrzecki";-0,4;0,5;-0,7;0,3;0,9;-0,6;
0804000;"Powiat nowosolski";-1,1;-0,3;-1,1;-1,3;-0,7;-1,7;
0805000;"Powiat słubicki";-0,6;0,7;-0,2;-0,7;0,3;-1,4;
0806000;"Powiat strzelecko-drezdenecki";0,0;-0,1;0,0;-1,1;-1,3;-2,0;
0807000;"Powiat sulęciński";1,0;-0,2;-2,0;-1,2;-0,5;-2,3;
0808000;"Powiat świebodziński";0,7;1,1;0,1;1,0;0,6;-1,4;
0809000;"Powiat zielonogórski";0,5;1,7;0,1;1,5;1,0;0,3;
0810000;"Powiat żagański";-2,9;-2,0;-2,5;-2,1;-2,1;-3,9;
0811000;"Powiat żarski";-1,1;-0,9;-2,2;-1,1;-0,4;-3,3;
0812000;"Powiat wschowski";1,0;1,6;0,0;1,5;1,5;-1,0;
0861000;"Powiat m.Gorzów Wielkopolski";-0,6;0,1;-0,5;0,0;0,1;-1,8;
0862000;"Powiat m.Zielona Góra";0,4;0,3;0,1;0,5;0,7;0,2;
1000000;"ŁÓDZKIE";-3,5;-2,8;-3,6;-3,0;-3,0;-3,5;
1001000;"Powiat bełchatowski";1,2;2,1;0,7;0,9;1,8;1,1;
1002000;"Powiat kutnowski";-4,8;-2,8;-4,3;-4,6;-4,7;-5,8;
1003000;"Powiat łaski";-2,7;-2,0;-4,6;-1,9;-1,7;-3,0;
1004000;"Powiat łęczycki";-3,7;-4,4;-3,8;-3,7;-3,6;-5,1;
1005000;"Powiat łowicki";-2,4;-2,4;-3,1;-1,9;-2,8;-3,2;
1006000;"Powiat łódzki wschodni";-2,0;-0,9;0,0;-1,0;-1,3;-1,7;
1007000;"Powiat opoczyński";-1,6;-0,5;-1,9;-0,5;-1,3;-1,4;
1008000;"Powiat pabianicki";-3,6;-3,0;-3,7;-3,1;-3,7;-4,0;
1009000;"Powiat pajęczański";-2,5;-2,7;-3,0;-2,1;-1,8;-2,7;
1010000;"Powiat piotrkowski";-1,6;-1,8;-2,5;-1,7;-0,9;-1,4;
1011000;"Powiat poddębicki";-3,9;-2,4;-4,1;-3,6;-2,6;-4,0;
1012000;"Powiat radomszczański";-3,6;-3,4;-4,2;-4,4;-3,4;-3,7;
1013000;"Powiat rawski";-0,1;-1,1;-2,2;-0,7;-1,1;-1,5;
1014000;"Powiat sieradzki";-2,3;-1,4;-1,4;-1,2;-1,7;-2,1;
1015000;"Powiat skierniewicki";-2,6;-1,5;-2,2;-2,9;-1,3;-2,4;
1016000;"Powiat tomaszowski";-3,6;-2,6;-3,0;-2,7;-2,7;-3,6;
1017000;"Powiat wieluński";-1,5;-2,3;-2,9;-1,8;-2,2;-2,9;
1018000;"Powiat wieruszowski";-0,7;-0,3;-0,8;-0,8;0,0;-0,6;
1019000;"Powiat zduńskowolski";-0,6;-1,3;-2,6;-2,5;-2,0;-1,8;
1020000;"Powiat zgierski";-3,3;-2,7;-2,6;-2,9;-2,2;-3,2;
1021000;"Powiat brzeziński";-3,7;-2,1;-3,4;-2,0;-2,8;-2,2;
1061000;"Powiat m.Łódź";-6,5;-5,5;-6,3;-5,0;-5,5;-5,6;
1062000;"Powiat m.Piotrków Trybunalski";-1,6;-0,7;-3,4;-3,3;-3,1;-4,3;
1063000;"Powiat m.Skierniewice";0,1;2,0;0,3;0,6;1,2;0,3;
1200000;"MAŁOPOLSKIE";1,2;1,4;1,0;1,7;1,9;1,6;
1201000;"Powiat bocheński";2,4;3,3;2,3;2,7;3,8;3,6;
1202000;"Powiat brzeski";1,7;2,0;0,6;1,4;2,0;2,0;
1203000;"Powiat chrzanowski";-1,6;-1,4;-1,8;-2,0;-1,6;-2,7;
1204000;"Powiat dąbrowski";0,6;-0,3;0,0;-0,1;1,0;1,1;
1205000;"Powiat gorlicki";1,5;1,8;0,6;0,6;1,5;1,2;
1206000;"Powiat krakowski";0,9;1,4;0,6;1,4;1,1;1,7;
1207000;"Powiat limanowski";4,9;4,7;4,6;4,8;5,3;5,2;
1208000;"Powiat miechowski";-4,1;-2,6;-4,4;-2,7;-3,6;-4,7;
1209000;"Powiat myślenicki";3,9;3,3;3,9;4,0;4,1;4,0;
1210000;"Powiat nowosądecki";4,8;4,7;4,8;4,8;5,4;5,4;
1211000;"Powiat nowotarski";2,3;2,7;2,2;2,6;3,0;2,3;
1212000;"Powiat olkuski";-1,5;-1,7;-2,1;-1,5;-2,3;-2,5;
1213000;"Powiat oświęcimski";0,1;-0,2;-0,7;-0,2;-0,6;-1,6;
1214000;"Powiat proszowicki";-2,2;-0,9;-1,8;-1,5;-1,0;-1,6;
1215000;"Powiat suski";0,8;0,5;0,0;0,5;1,9;-0,7;
1216000;"Powiat tarnowski";1,9;1,8;1,3;1,4;2,1;1,9;
1217000;"Powiat tatrzański";1,5;1,3;0,5;0,8;2,1;1,7;
1218000;"Powiat wadowicki";1,5;2,4;1,6;1,3;1,7;0,9;
1219000;"Powiat wielicki";2,6;2,8;2,3;2,9;3,7;3,2;
1261000;"Powiat m.Kraków";0,3;0,6;0,5;2,2;2,0;2,0;
1262000;"Powiat m.Nowy Sącz";0,9;1,7;1,6;2,8;2,4;2,0;
1263000;"Powiat m.Tarnów";-0,8;-0,5;-1,9;-0,6;-1,2;-1,8;
1400000;"MAZOWIECKIE";0,2;0,7;0,5;0,9;0,9;0,3;
1401000;"Powiat białobrzeski";-0,7;-0,1;-0,7;-0,1;1,8;1,5;
1402000;"Powiat ciechanowski";-0,3;-0,8;-0,5;-0,2;0,1;-1,2;
1403000;"Powiat garwoliński";1,4;2,8;2,6;2,5;3,7;3,0;
1404000;"Powiat gostyniński";-1,2;-2,9;-2,9;-3,4;-3,3;-4,2;
1405000;"Powiat grodziski";0,9;1,0;1,4;1,2;1,2;0,4;
1406000;"Powiat grójecki";-0,8;-0,7;-0,8;-1,2;-0,1;-0,7;
1407000;"Powiat kozienicki";-0,9;-2,8;-3,0;-2,3;-1,0;-1,2;
1408000;"Powiat legionowski";2,9;2,5;1,9;2,9;1,5;1,1;
1409000;"Powiat lipski";-4,9;-4,8;-6,6;-6,1;-4,9;-5,6;
1410000;"Powiat łosicki";-2,7;-1,0;-1,5;-2,2;-1,2;-3,5;
1411000;"Powiat makowski";-1,4;-0,2;-2,0;-1,7;-1,7;-3,5;
1412000;"Powiat miński";1,9;2,7;1,2;1,3;1,7;1,3;
1413000;"Powiat mławski";-2,4;-1,5;-1,8;-0,1;-1,6;-2,0;
1414000;"Powiat nowodworski";-0,4;0,2;0,0;0,3;0,4;-1,4;
1415000;"Powiat ostrołęcki";1,7;1,8;0,2;1,8;1,6;1,5;
1416000;"Powiat ostrowski";-1,4;-1,3;-1,5;-2,0;-0,6;-1,7;
1417000;"Powiat otwocki";0,8;0,9;0,1;1,2;0,6;0,5;
1418000;"Powiat piaseczyński";3,4;3,7;4,8;5,0;4,1;2,8;
1419000;"Powiat płocki";-1,1;-1,3;-1,7;-1,0;-0,5;-2,1;
1420000;"Powiat płoński";-1,9;-1,3;-2,2;-2,3;-2,0;-1,3;
1421000;"Powiat pruszkowski";1,9;2,1;1,7;2,0;1,9;1,2;
1422000;"Powiat przasnyski";-0,4;1,1;0,0;-0,2;2,0;0,9;
1423000;"Powiat przysuski";-2,9;-1,9;-2,6;-3,6;-2,5;-3,4;
1424000;"Powiat pułtuski";-1,1;-0,7;0,3;-0,3;0,5;-0,6;
1425000;"Powiat radomski";0,7;1,0;0,8;0,5;1,6;0,8;
1426000;"Powiat siedlecki";-0,4;0,3;0,3;0,8;0,6;0,3;
1427000;"Powiat sierpecki";-0,9;-0,9;-1,8;-2,6;-0,8;-2,9;
1428000;"Powiat sochaczewski";0,2;-0,5;-0,2;0,4;0,5;-0,2;
1429000;"Powiat sokołowski";-3,1;-2,6;-1,9;-2,9;-2,8;-2,9;
1430000;"Powiat szydłowiecki";-1,2;-0,3;-1,1;-0,7;-1,7;-1,9;
1432000;"Powiat warszawski zachodni";0,9;0,9;1,0;1,1;0,6;0,8;
1433000;"Powiat węgrowski";0,5;-0,1;-1,5;-0,2;-1,0;-0,8;
1434000;"Powiat wołomiński";4,1;3,5;3,9;5,2;4,2;4,5;
1435000;"Powiat wyszkowski";1,7;2,0;2,1;2,3;1,2;1,9;
1436000;"Powiat zwoleński";-1,9;-0,8;-2,0;-1,6;-0,5;-3,0;
1437000;"Powiat żuromiński";-1,8;-0,9;-1,7;-1,4;-2,4;-3,0;
1438000;"Powiat żyrardowski";-1,3;-0,9;-0,8;-0,9;-1,6;-2,6;
1461000;"Powiat m.Ostrołęka";3,5;1,3;3,1;1,6;3,0;2,5;
1462000;"Powiat m.Płock";-0,5;-0,6;-0,9;-0,8;-1,2;-2,2;
1463000;"Powiat m.Radom";-1,3;-0,9;-1,5;-1,0;-1,3;-2,3;
1464000;"Powiat m.Siedlce";3,3;3,7;3,1;3,4;3,7;3,8;
1465000;"Powiat m. st. Warszawa";-0,2;0,9;0,8;1,4;1,2;0,9;
1600000;"OPOLSKIE";-2,0;-1,2;-2,2;-1,4;-1,8;-2,1;
1601000;"Powiat brzeski";-1,4;-1,1;-1,8;-2,2;-2,4;-1,5;
1602000;"Powiat głubczycki";-4,3;-3,1;-5,3;-4,3;-5,6;-4,6;
1603000;"Powiat kędzierzyńsko-kozielski";-2,6;-2,0;-3,0;-2,5;-2,2;-4,3;
1604000;"Powiat kluczborski";-2,1;-1,5;-2,1;-1,5;-2,6;-3,1;
1605000;"Powiat krapkowicki";-0,9;-0,4;-1,6;-0,2;-1,2;-2,0;
1606000;"Powiat namysłowski";-1,7;-2,4;-2,0;0,1;-1,0;-1,2;
1607000;"Powiat nyski";-3,3;-2,5;-4,6;-2,5;-3,2;-4,3;
1608000;"Powiat oleski";-1,5;-0,5;-1,1;-1,6;-1,8;-1,7;
1609000;"Powiat opolski";-0,4;0,1;-0,7;-0,2;-0,3;-0,8;
1610000;"Powiat prudnicki";-4,7;-2,2;-3,9;-3,0;-3,7;-2,7;
1611000;"Powiat strzelecki";-0,9;-0,3;-0,8;-0,5;-1,6;-0,4;
1661000;"Powiat m.Opole";-1,8;-0,1;-0,6;0,6;0,9;0,1;
1800000;"PODKARPACKIE";0,8;0,7;0,1;0,5;1,2;0,9;
1801000;"Powiat bieszczadzki";0,9;-0,6;0,1;-0,4;-0,1;0,3;
1802000;"Powiat brzozowski";1,1;1,8;0,1;0,9;1,9;0,9;
1803000;"Powiat dębicki";1,7;2,1;1,7;1,2;2,4;1,9;
1804000;"Powiat jarosławski";0,3;0,3;0,0;-0,1;-0,1;0,2;
1805000;"Powiat jasielski";0,2;-0,1;-1,5;-1,2;-1,1;0,1;
1806000;"Powiat kolbuszowski";0,7;1,0;-0,7;-0,1;0,9;1,1;
1807000;"Powiat krośnieński";0,9;1,0;0,2;0,5;1,3;0,6;
1808000;"Powiat leżajski";1,3;0,3;-0,2;0,4;1,3;0,8;
1809000;"Powiat lubaczowski";-1,1;-1,2;-2,7;-1,4;-0,9;-2,6;
1810000;"Powiat łańcucki";1,9;1,9;1,9;2,3;2,3;2,3;
1811000;"Powiat mielecki";1,3;0,4;0,5;1,8;1,9;1,0;
1812000;"Powiat niżański";-0,9;-0,1;-1,1;-1,2;0,3;-1,0;
1813000;"Powiat przemyski";1,4;1,0;0,9;0,1;1,1;0,6;
1814000;"Powiat przeworski";-0,1;-0,1;-0,4;0,2;0,9;0,5;
1815000;"Powiat ropczycko-sędziszowski";2,4;2,7;1,7;2,5;3,6;2,9;
1816000;"Powiat rzeszowski";1,6;1,8;0,8;2,2;2,4;2,9;
1817000;"Powiat sanocki";1,3;0,4;-0,7;0,1;0,8;0,5;
1818000;"Powiat stalowowolski";-0,5;-0,7;-1,1;-1,4;-0,5;-0,6;
1819000;"Powiat strzyżowski";-0,1;-0,6;-0,1;-0,3;0,3;0,5;
1820000;"Powiat tarnobrzeski";-1,2;-1,2;-0,7;-1,5;0,3;-1,1;
1821000;"Powiat leski";0,3;1,3;-1,5;-0,2;0,3;-1,2;
1861000;"Powiat m.Krosno";0,5;-0,1;-1,1;-0,3;0,2;-1,1;
1862000;"Powiat m.Przemyśl";-1,9;-2,1;-3,7;-2,9;-1,4;-2,7;
1863000;"Powiat m.Rzeszów";3,1;3,3;2,2;3,7;4,2;4,2;
1864000;"Powiat m.Tarnobrzeg";-1,1;-1,9;-0,5;-1,7;-1,0;-1,2;
2000000;"PODLASKIE";-1,3;-0,7;-1,2;-0,8;-0,4;-1,0;
2001000;"Powiat augustowski";-2,4;-0,5;-1,6;-1,9;-1,3;-2,3;
2002000;"Powiat białostocki";-1,6;-0,6;-1,6;-1,2;-1,1;-0,7;
2003000;"Powiat bielski";-4,2;-3,7;-6,2;-5,3;-6,1;-6,5;
2004000;"Powiat grajewski";-0,7;0,2;-0,4;-0,1;0,1;-1,9;
2005000;"Powiat hajnowski";-9,0;-8,2;-8,1;-9,1;-9,5;-10,6;
2006000;"Powiat kolneński";-2,6;-0,9;-1,7;0,3;-1,2;-1,8;
2007000;"Powiat łomżyński";-0,3;-0,6;-1,1;-1,5;-1,2;-2,0;
2008000;"Powiat moniecki";-3,1;-3,8;-3,5;-2,4;-2,6;-3,7;
2009000;"Powiat sejneński";-2,2;-3,1;-3,0;-3,8;-4,7;-3,3;
2010000;"Powiat siemiatycki";-6,4;-5,4;-5,7;-5,5;-4,8;-6,9;
2011000;"Powiat sokólski";-2,7;-4,0;-6,1;-5,4;-4,3;-6,5;
2012000;"Powiat suwalski";-0,1;0,9;0,5;0,4;1,0;0,5;
2013000;"Powiat wysokomazowiecki";-2,5;-0,7;-1,8;-1,7;-1,7;-0,1;
2014000;"Powiat zambrowski";-0,4;-0,2;-1,0;-0,3;0,5;-0,9;
2061000;"Powiat m.Białystok";1,1;1,6;1,8;2,5;3,4;2,7;
2062000;"Powiat m.Łomża";1,1;2,5;0,7;1,5;2,6;2,6;
2063000;"Powiat m.Suwałki";1,2;1,0;2,1;3,1;2,8;2,4;
2200000;"POMORSKIE";1,7;2,0;1,5;2,0;2,5;1,8;
2201000;"Powiat bytowski";4,1;4,9;3,4;2,8;4,7;4,0;
2202000;"Powiat chojnicki";2,3;3,2;2,3;3,5;4,1;3,7;
2203000;"Powiat człuchowski";2,3;0,7;-0,3;0,5;1,1;-0,3;
2204000;"Powiat gdański";5,4;5,8;6,0;5,9;6,8;5,7;
2205000;"Powiat kartuski";7,7;8,1;7,8;8,7;10,6;9,4;
2206000;"Powiat kościerski";3,3;3,9;3,2;4,9;5,0;3,7;
2207000;"Powiat kwidzyński";1,3;1,7;0,2;0,9;0,8;0,7;
2208000;"Powiat lęborski";2,1;2,4;1,5;0,7;1,6;1,3;
2209000;"Powiat malborski";-1,7;0,5;-0,5;-1,0;-0,2;0,1;
2210000;"Powiat nowodworski";-0,5;0,3;0,3;-0,4;-0,4;-2,6;
2211000;"Powiat pucki";3,5;3,2;2,9;3,1;4,1;4,1;
2212000;"Powiat słupski";1,2;1,4;0,3;0,5;0,1;0,2;
2213000;"Powiat starogardzki";2,1;2,0;1,6;2,3;3,2;2,2;
2214000;"Powiat tczewski";1,6;1,8;0,2;0,7;2,2;0,4;
2215000;"Powiat wejherowski";6,1;5,9;5,7;5,8;6,8;5,0;
2216000;"Powiat sztumski";2,4;1,9;2,3;0,7;-0,2;-1,1;
2261000;"Powiat m.Gdańsk";-0,5;0,1;0,1;1,4;1,4;0,5;
2262000;"Powiat m.Gdynia";-1,2;-1,0;-0,9;-1,1;-1,9;-1,3;
2263000;"Powiat m.Słupsk";-2,1;-2,7;-2,5;-2,3;-1,8;-2,4;
2264000;"Powiat m.Sopot";-4,8;-5,2;-6,9;-4,8;-4,3;-5,8;
2400000;"ŚLĄSKIE";-1,4;-1,1;-1,9;-1,4;-1,4;-2,1;
2401000;"Powiat będziński";-4,5;-3,8;-5,0;-4,3;-4,9;-5,5;
2402000;"Powiat bielski";1,6;1,9;1,5;1,3;1,7;1,4;
2403000;"Powiat cieszyński";1,4;1,5;0,1;0,4;-0,2;-0,9;
2404000;"Powiat częstochowski";-3,0;-2,7;-3,8;-3,3;-3,3;-3,6;
2405000;"Powiat gliwicki";0,6;-0,4;-0,4;0,0;0,3;-0,3;
2406000;"Powiat kłobucki";-1,8;-1,7;-2,6;-2,3;-2,1;-2,9;
2407000;"Powiat lubliniecki";-0,6;-0,1;-1,1;-1,1;-0,6;-0,2;
2408000;"Powiat mikołowski";1,5;1,0;1,2;1,3;1,1;1,1;
2409000;"Powiat myszkowski";-2,3;-2,1;-3,3;-3,0;-3,1;-4,2;
2410000;"Powiat pszczyński";3,7;3,9;3,7;3,7;4,2;3,6;
2411000;"Powiat raciborski";-1,7;-1,1;-1,9;-1,2;-1,0;-2,8;
2412000;"Powiat rybnicki";1,9;0,4;1,5;1,0;2,2;1,2;
2413000;"Powiat tarnogórski";-1,3;-1,2;-1,7;-0,6;-0,7;-1,8;
2414000;"Powiat bieruńsko-lędziński";3,7;4,1;1,8;2,4;3,8;2,4;
2415000;"Powiat wodzisławski";-1,0;0,7;-1,1;0,3;-0,1;-1,0;
2416000;"Powiat zawierciański";-4,8;-4,6;-5,2;-4,3;-5,4;-5,6;
2417000;"Powiat żywiecki";-0,6;0,3;-0,8;-0,7;-0,2;-1,3;
2461000;"Powiat m.Bielsko-Biała";-0,1;-0,7;-0,9;-0,5;-0,7;-0,6;
2462000;"Powiat m.Bytom";-2,8;-2,9;-4,2;-3,3;-3,1;-4,5;
2463000;"Powiat m.Chorzów";-3,7;-3,7;-4,3;-3,2;-3,5;-4,6;
2464000;"Powiat m.Częstochowa";-4,1;-4,1;-4,4;-4,4;-4,9;-5,5;
2465000;"Powiat m.Dąbrowa Górnicza";-2,6;-2,6;-3,5;-2,5;-3,9;-3,9;
2466000;"Powiat m.Gliwice";-1,7;-1,3;-1,8;-1,0;-1,3;-2,4;
2467000;"Powiat m.Jastrzębie-Zdrój";0,7;0,9;-0,7;-0,3;0,3;-1,4;
2468000;"Powiat m.Jaworzno";-2,3;-2,4;-2,9;-2,0;-2,1;-3,9;
2469000;"Powiat m.Katowice";-3,2;-2,9;-3,4;-2,5;-3,2;-2,8;
2470000;"Powiat m.Mysłowice";-0,2;-0,2;-0,1;-0,1;0,9;-0,4;
2471000;"Powiat m.Piekary Śląskie";-0,9;-2,3;-3,9;-3,5;-1,8;-4,0;
2472000;"Powiat m.Ruda Śląska";-1,0;-1,0;-2,7;-1,7;-1,6;-1,0;
2473000;"Powiat m.Rybnik";0,4;1,2;0,5;1,5;1,6;0,0;
2474000;"Powiat m.Siemianowice Śląskie";-4,2;-1,5;-3,2;-1,7;-2,3;-2,7;
2475000;"Powiat m.Sosnowiec";-5,1;-4,3;-4,7;-4,6;-4,8;-4,7;
2476000;"Powiat m.Świętochłowice";-3,1;-2,2;-4,2;-3,2;-0,3;-3,3;
2477000;"Powiat m.Tychy";1,3;1,4;0,6;0,8;0,0;-1,3;
2478000;"Powiat m.Zabrze";-1,3;-1,0;-1,7;-1,4;-1,1;-2,0;
2479000;"Powiat m.Żory";4,1;4,3;1,6;3,4;2,7;2,1;
2600000;"ŚWIĘTOKRZYSKIE";-2,7;-2,3;-3,0;-2,7;-2,7;-3,1;
2601000;"Powiat buski";-4,2;-3,9;-4,4;-3,5;-4,3;-4,5;
2602000;"Powiat jędrzejowski";-2,2;-2,6;-3,0;-1,8;-2,2;-2,9;
2603000;"Powiat kazimierski";-6,7;-5,1;-6,9;-5,2;-6,1;-4,2;
2604000;"Powiat kielecki";0,3;0,5;0,6;1,0;1,3;0,6;
2605000;"Powiat konecki";-3,3;-2,8;-4,6;-4,1;-4,7;-4,4;
2606000;"Powiat opatowski";-5,2;-5,7;-5,4;-4,9;-4,7;-7,5;
2607000;"Powiat ostrowiecki";-4,0;-3,6;-5,4;-5,5;-5,4;-5,7;
2608000;"Powiat pińczowski";-5,4;-5,9;-5,6;-4,2;-5,1;-4,6;
2609000;"Powiat sandomierski";-3,8;-2,7;-3,4;-3,1;-3,9;-4,6;
2610000;"Powiat skarżyski";-4,7;-3,1;-4,4;-5,6;-5,8;-6,0;
2611000;"Powiat starachowicki";-3,2;-3,0;-4,1;-3,7;-3,8;-3,7;
2612000;"Powiat staszowski";-2,2;-0,4;-1,5;-1,6;-1,9;-2,1;
2613000;"Powiat włoszczowski";-3,5;-2,0;-3,9;-3,6;-2,8;-2,4;
2661000;"Powiat m.Kielce";-1,3;-1,1;-1,7;-1,4;-0,8;-1,7;
2800000;"WARMIŃSKO-MAZURSKIE";-0,2;0,6;-0,5;-0,4;0,1;-0,9;
2801000;"Powiat bartoszycki";-3,0;-0,3;-3,4;-2,8;-1,0;-2,2;
2802000;"Powiat braniewski";-0,1;-0,7;-1,4;-1,3;-0,2;-1,3;
2803000;"Powiat działdowski";1,1;0,8;0,2;-0,3;0,3;-1,8;
2804000;"Powiat elbląski";1,0;0,8;0,6;0,4;0,1;-1,8;
2805000;"Powiat ełcki";0,2;2,2;0,7;0,1;1,4;0,4;
2806000;"Powiat giżycki";-0,8;-1,3;-0,6;-2,2;-2,1;-2,1;
2807000;"Powiat iławski";1,2;2,3;1,1;0,8;1,5;1,7;
2808000;"Powiat kętrzyński";-2,8;-1,5;-3,3;-2,4;-3,9;-4,0;
2809000;"Powiat lidzbarski";-2,6;-0,6;-1,0;-1,7;-1,1;-2,4;
2810000;"Powiat mrągowski";-0,8;0,4;-1,0;-1,9;-1,2;-0,3;
2811000;"Powiat nidzicki";-1,1;1,9;-1,0;-0,5;0,3;-1,0;
2812000;"Powiat nowomiejski";2,1;2,4;2,2;1,5;1,1;1,1;
2813000;"Powiat olecki";1,5;0,6;0,3;0,8;1,3;-1,2;
2814000;"Powiat olsztyński";1,4;1,9;0,5;1,2;1,5;-1,6;
2815000;"Powiat ostródzki";-0,2;0,1;-0,8;-0,5;-0,3;-1,3;
2816000;"Powiat piski";-0,6;1,2;0,3;-0,2;0,0;-0,7;
2817000;"Powiat szczycieński";-0,3;0,5;-1,2;0,5;-0,1;-1,1;
2818000;"Powiat gołdapski";1,1;0,1;1,4;0,1;0,6;0,6;
2819000;"Powiat węgorzewski";0,5;-0,2;-3,1;-3,7;-3,1;-4,9;
2861000;"Powiat m.Elbląg";-2,9;-1,7;-3,4;-2,5;-1,8;-3,4;
2862000;"Powiat m.Olsztyn";0,8;1,4;0,7;0,8;2,2;2,3;
3000000;"WIELKOPOLSKIE";1,2;1,7;1,0;1,7;2,1;1,0;
3001000;"Powiat chodzieski";-0,3;0,0;-0,4;-1,9;0,4;0,4;
3002000;"Powiat czarnkowsko-trzcianecki";0,3;1,5;0,3;-0,2;0,5;-0,2;
3003000;"Powiat gnieźnieński";2,0;2,1;0,7;1,9;1,9;0,4;
3004000;"Powiat gostyński";1,1;1,9;2,0;1,8;2,9;2,0;
3005000;"Powiat grodziski";3,3;4,0;3,9;4,7;4,9;3,8;
3006000;"Powiat jarociński";1,8;2,3;1,0;0,6;1,9;0,1;
3007000;"Powiat kaliski";0,5;1,9;0,1;1,2;1,5;0,0;
3008000;"Powiat kępiński";1,6;2,2;0,7;2,2;1,3;1,2;
3009000;"Powiat kolski";-1,1;-1,2;-2,4;-1,3;-1,2;-2,8;
3010000;"Powiat koniński";1,5;1,3;0,8;1,1;1,4;1,5;
3011000;"Powiat kościański";1,0;1,5;1,9;2,0;1,2;1,9;
3012000;"Powiat krotoszyński";1,7;2,0;0,8;1,6;1,6;0,8;
3013000;"Powiat leszczyński";3,4;4,2;3,0;3,3;4,7;2,5;
3014000;"Powiat międzychodzki";1,1;2,5;0,7;1,3;1,0;1,1;
3015000;"Powiat nowotomyski";3,1;3,8;3,1;3,0;3,2;2,0;
3016000;"Powiat obornicki";2,2;3,0;2,6;2,6;1,7;2,3;
3017000;"Powiat ostrowski";0,9;1,5;0,1;1,3;1,5;-0,3;
3018000;"Powiat ostrzeszowski";0,3;0,7;0,3;0,4;0,3;0,0;
3019000;"Powiat pilski";0,9;0,1;-0,5;0,5;1,0;-0,3;
3020000;"Powiat pleszewski";-0,9;1,3;0,4;0,5;1,2;0,5;
3021000;"Powiat poznański";4,7;5,1;5,6;6,5;6,9;5,5;
3022000;"Powiat rawicki";2,1;1,2;0,0;1,2;1,8;0,8;
3023000;"Powiat słupecki";0,2;2,0;0,3;0,6;-0,1;-0,7;
3024000;"Powiat szamotulski";1,8;2,1;1,7;1,5;2,5;0,5;
3025000;"Powiat średzki";2,5;3,5;3,5;3,1;4,4;2,6;
3026000;"Powiat śremski";1,9;2,6;2,4;2,5;4,0;2,3;
3027000;"Powiat turecki";1,0;1,1;-0,1;-0,3;0,9;0,0;
3028000;"Powiat wągrowiecki";1,8;1,4;1,7;1,5;3,1;1,0;
3029000;"Powiat wolsztyński";3,4;4,4;3,1;3,4;2,9;3,9;
3030000;"Powiat wrzesiński";0,4;2,6;1,4;1,8;2,6;0,6;
3031000;"Powiat złotowski";0,8;1,9;-0,1;1,9;1,3;-0,5;
3061000;"Powiat m.Kalisz";-2,8;-2,9;-3,6;-2,6;-3,5;-3,9;
3062000;"Powiat m.Konin";-1,0;-0,4;-1,9;-0,9;-1,3;-2,5;
3063000;"Powiat m.Leszno";2,1;1,6;1,0;1,5;2,2;0,8;
3064000;"Powiat m.Poznań";-0,2;0,2;-0,3;1,0;1,5;0,7;
3200000;"ZACHODNIOPOMORSKIE";-0,9;-0,4;-1,3;-0,8;-0,9;-1,9;
3201000;"Powiat białogardzki";-1,5;-2,0;-1,3;-1,3;-1,4;-1,9;
3202000;"Powiat choszczeński";-0,5;-0,2;-0,8;-1,5;-1,8;-1,9;
3203000;"Powiat drawski";-0,8;0,4;-1,2;-0,2;-1,4;-2,1;
3204000;"Powiat goleniowski";0,8;0,7;-0,3;0,8;0,8;-1,0;
3205000;"Powiat gryficki";-0,6;-0,1;-1,1;-0,5;-1,3;-1,7;
3206000;"Powiat gryfiński";-0,5;0,1;-0,6;0,1;-0,6;-2,0;
3207000;"Powiat kamieński";-2,0;-2,0;-3,5;-2,3;-1,4;-1,9;
3208000;"Powiat kołobrzeski";-0,6;-1,2;-0,6;-0,5;-0,9;-2,2;
3209000;"Powiat koszaliński";0,5;0,9;-0,1;0,4;0,4;-0,9;
3210000;"Powiat myśliborski";-1,1;-0,8;-2,2;-1,3;-2,0;-2,7;
3211000;"Powiat policki";4,2;3,9;3,5;3,4;3,6;1,8;
3212000;"Powiat pyrzycki";-0,1;-0,8;-1,7;-1,3;-1,9;-2,8;
3213000;"Powiat sławieński";-0,1;0,7;-2,8;-0,9;-0,3;-1,5;
3214000;"Powiat stargardzki";0,3;0,1;0,3;0,0;-0,3;-0,4;
3215000;"Powiat szczecinecki";-0,8;-0,5;-1,6;-2,3;-1,1;-1,9;
3216000;"Powiat świdwiński";-1,9;-0,9;-1,9;-2,4;-1,5;-3,6;
3217000;"Powiat wałecki";-1,3;-0,4;-0,2;-0,9;-1,5;-1,5;
3218000;"Powiat łobeski";-1,9;-0,5;-1,5;-0,5;-0,7;-3,7;
3261000;"Powiat m.Koszalin";-1,7;-0,4;-1,7;-1,2;-0,3;-0,4;
3262000;"Powiat m.Szczecin";-2,2;-1,4;-2,2;-1,4;-1,6;-2,7;
3263000;"Powiat m.Świnoujście";-4,1;-2,6;-5,1;-3,8;-3,6;-5,2;
