"Kod";"Nazwa";"ogółem;2002;[-]";"ogółem;2003;[-]";"ogółem;2004;[-]";"ogółem;2005;[-]";"ogółem;2006;[-]";"ogółem;2007;[-]";"ogółem;2008;[-]";"ogółem;2009;[-]";"ogółem;2010;[-]";"ogółem;2011;[-]";"ogółem;2012;[-]";"ogółem;2013;[-]";"ogółem;2014;[-]";"ogółem;2015;[-]";"ogółem;2016;[-]";"ogółem;2017;[-]";"ogółem;2018;[-]";
0000000;"POLSKA";1,2;1,3;1,5;1,8;1,9;1,7;1,7;1,7;1,6;1,7;1,7;1,7;1,7;1,8;1,7;1,7;1,6;
0200000;"DOLNOŚLĄSKIE";1,7;1,9;2,2;2,6;2,6;2,3;2,2;2,3;2,0;2,0;2,0;2,0;2,0;1,9;1,7;2,0;1,9;
0201000;"Powiat bolesławiecki";1,3;1,4;1,8;2,1;2,0;2,5;1,9;2,0;1,8;2,3;1,9;2,0;1,8;1,7;1,7;2,0;1,9;
0202000;"Powiat dzierżoniowski";1,9;1,9;1,8;3,0;1,9;2,1;1,9;1,9;2,2;2,1;2,2;1,9;2,0;1,9;1,9;1,8;1,8;
0203000;"Powiat głogowski";1,7;1,9;2,2;2,8;2,8;2,4;2,2;2,0;2,4;2,2;2,0;2,2;2,2;1,7;2,1;2,1;1,8;
0204000;"Powiat górowski";1,2;1,0;1,5;1,6;1,9;1,5;2,0;1,3;1,8;1,4;1,5;1,8;2,1;1,6;1,5;1,8;1,8;
0205000;"Powiat jaworski";1,0;1,3;1,8;1,9;2,0;2,1;1,9;1,9;2,3;2,1;1,9;1,6;1,7;1,5;1,6;1,7;1,5;
0206000;"Powiat jeleniogórski";1,4;1,9;2,5;2,4;2,3;2,0;2,2;1,9;1,7;2,0;2,0;2,0;2,1;1,8;1,8;1,8;1,8;
0207000;"Powiat kamiennogórski";1,7;1,8;1,6;1,7;2,0;2,1;1,8;1,9;2,1;2,3;2,3;1,9;1,9;1,8;1,6;1,7;1,7;
0208000;"Powiat kłodzki";1,6;1,6;2,1;2,8;2,3;2,1;2,1;2,0;1,6;2,1;1,8;1,9;1,8;2,0;1,9;1,8;1,9;
0209000;"Powiat legnicki";1,0;1,4;1,7;1,8;2,2;1,7;2,0;2,3;1,8;1,9;1,6;1,3;2,2;1,4;1,5;2,1;1,8;
0210000;"Powiat lubański";1,4;1,5;2,2;2,2;2,3;2,2;2,1;1,8;2,2;2,1;2,2;2,0;2,0;1,7;1,8;1,7;1,6;
0211000;"Powiat lubiński";1,9;1,9;2,1;2,3;2,8;2,4;2,7;2,2;2,0;2,1;2,2;1,9;2,1;1,9;1,9;2,4;1,9;
0212000;"Powiat lwówecki";1,2;1,5;2,0;2,0;2,2;2,4;2,0;1,5;1,5;2,2;1,7;1,9;1,8;2,0;1,6;1,9;1,4;
0213000;"Powiat milicki";0,7;0,7;1,1;1,8;2,1;1,8;1,5;1,7;1,1;1,2;1,6;1,8;1,6;1,6;1,2;2,2;1,8;
0214000;"Powiat oleśnicki";1,1;1,5;1,6;2,3;2,0;2,1;1,9;2,1;1,7;1,7;1,6;2,1;1,9;1,6;1,4;1,9;2,0;
0215000;"Powiat oławski";1,4;1,8;2,0;2,5;2,6;2,5;1,9;2,7;1,9;1,7;1,8;2,0;1,7;1,9;1,7;2,2;2,4;
0216000;"Powiat polkowicki";1,5;1,6;2,0;2,7;2,2;1,9;2,3;2,1;1,6;1,8;1,3;1,8;1,9;1,6;1,7;1,8;1,7;
0217000;"Powiat strzeliński";0,8;1,0;1,1;1,9;2,1;1,5;1,4;2,0;1,5;1,5;1,4;1,8;1,5;1,5;1,7;1,6;1,6;
0218000;"Powiat średzki";1,0;0,7;2,1;2,2;2,1;1,4;1,4;1,7;1,7;1,4;1,7;1,8;1,8;1,4;1,7;1,8;1,9;
0219000;"Powiat świdnicki";2,1;2,3;1,9;2,7;2,7;2,3;2,2;2,3;1,8;2,3;2,3;2,4;2,1;1,9;2,0;1,8;1,9;
0220000;"Powiat trzebnicki";1,2;1,4;2,1;2,4;2,2;1,8;1,6;2,2;1,6;1,6;1,8;2,0;1,5;1,8;1,4;2,0;2,0;
0221000;"Powiat wałbrzyski";1,5;2,3;2,4;3,1;3,0;2,5;2,4;2,2;2,3;2,4;2,4;1,6;1,8;2,2;1,7;1,5;1,8;
0222000;"Powiat wołowski";1,4;1,4;2,0;2,0;2,3;2,1;1,9;2,3;1,9;2,3;1,8;1,8;1,9;2,0;1,3;2,0;2,0;
0223000;"Powiat wrocławski";1,0;0,9;1,5;1,9;1,9;1,7;1,3;1,9;1,3;1,3;1,6;1,8;1,5;1,8;1,6;2,1;1,7;
0224000;"Powiat ząbkowicki";1,3;1,2;1,3;1,9;1,9;1,7;1,9;1,6;1,7;1,6;1,5;1,2;1,6;1,8;1,6;1,4;1,6;
0225000;"Powiat zgorzelecki";1,6;1,9;2,2;2,7;2,6;2,7;2,4;2,5;2,2;2,2;2,0;2,1;2,4;2,0;1,7;2,0;2,0;
0226000;"Powiat złotoryjski";1,4;1,3;1,7;2,2;2,2;2,0;2,5;1,9;1,9;1,7;1,7;1,5;1,8;1,6;1,7;1,7;1,4;
0261000;"Powiat m.Jelenia Góra";2,2;2,6;2,8;3,3;3,0;3,1;2,8;2,6;2,8;2,7;2,5;2,3;2,4;2,3;2,3;2,1;2,0;
0262000;"Powiat m.Legnica";2,2;2,9;3,0;2,6;3,4;2,8;2,9;2,6;2,4;2,5;2,4;2,1;2,1;1,9;2,1;2,5;1,7;
0263000;"Powiat m.Wałbrzych do 2002";2,4;;;;;;;;;;;;;;;;;
0264000;"Powiat m.Wrocław";2,3;2,3;2,7;2,9;3,0;2,8;2,4;2,9;2,3;2,1;2,1;2,4;2,1;2,1;1,7;2,4;2,2;
0265000;"Powiat m.Wałbrzych od 2013";;;;;;;;;;;;2,2;2,5;2,4;2,2;2,1;2,1;
0400000;"KUJAWSKO-POMORSKIE";1,3;1,3;1,7;2,1;2,1;1,9;1,7;1,9;1,9;1,9;1,9;2,0;2,1;2,0;1,8;1,9;1,6;
0401000;"Powiat aleksandrowski";1,2;1,0;1,3;1,7;1,6;1,6;1,3;1,7;1,8;0,9;1,8;2,1;2,4;1,5;1,8;1,5;0,9;
0402000;"Powiat brodnicki";0,6;0,7;1,0;1,5;1,4;1,3;1,3;1,3;1,5;1,5;1,5;1,5;1,5;1,7;1,5;1,7;1,7;
0403000;"Powiat bydgoski";1,2;1,1;1,5;1,9;1,8;1,8;1,7;2,0;1,9;2,4;2,1;2,1;2,1;2,3;2,0;2,1;1,7;
0404000;"Powiat chełmiński";1,0;1,0;1,3;1,7;2,1;2,0;1,6;1,6;1,5;2,1;2,0;1,5;1,7;1,5;1,3;1,7;2,1;
0405000;"Powiat golubsko-dobrzyński";0,8;0,7;1,0;1,3;1,5;1,2;1,3;1,6;1,4;1,6;1,6;1,5;2,0;2,1;1,6;1,9;1,5;
0406000;"Powiat grudziądzki";0,5;0,7;0,8;1,4;1,1;1,2;1,2;0,9;1,6;1,3;0,8;1,2;1,0;1,1;1,2;1,4;1,4;
0407000;"Powiat inowrocławski";1,2;1,1;1,6;2,0;2,1;1,9;1,8;1,9;1,7;2,5;2,1;2,0;2,0;2,2;1,7;2,1;1,5;
0408000;"Powiat lipnowski";0,6;1,0;1,4;1,7;1,6;1,1;1,3;1,2;1,8;0,8;1,3;1,9;2,2;1,4;1,6;1,2;0,9;
0409000;"Powiat mogileński";0,5;0,7;1,0;1,4;1,4;1,3;1,0;1,3;1,4;1,6;1,7;1,4;2,0;1,5;1,4;1,5;1,3;
0410000;"Powiat nakielski";1,1;0,9;1,1;1,4;1,6;1,5;1,4;1,7;1,6;2,0;1,7;1,8;1,9;1,8;1,8;1,8;1,4;
0411000;"Powiat radziejowski";0,6;0,5;1,1;1,2;1,0;0,8;0,7;1,0;1,1;0,7;0,9;1,5;1,6;1,3;1,6;1,1;0,7;
0412000;"Powiat rypiński";1,0;0,8;1,0;1,7;1,5;1,2;1,0;1,2;1,2;0,9;1,5;2,0;1,8;1,4;1,8;1,4;0,8;
0413000;"Powiat sępoleński";0,6;0,6;0,9;1,3;1,3;1,4;0,9;1,4;1,2;1,9;1,4;2,0;1,7;1,9;1,7;1,3;1,1;
0414000;"Powiat świecki";0,9;0,8;1,2;1,8;1,8;1,5;1,3;1,5;1,4;1,8;1,6;1,7;2,0;1,8;1,6;1,9;1,6;
0415000;"Powiat toruński";1,0;0,9;1,2;1,6;1,6;1,5;1,7;1,6;1,7;1,3;1,3;1,8;1,8;1,9;1,8;2,0;1,6;
0416000;"Powiat tucholski";0,8;0,8;0,8;1,3;1,1;1,4;1,1;1,1;1,5;1,4;1,3;1,2;1,2;2,0;1,7;1,8;1,2;
0417000;"Powiat wąbrzeski";0,9;1,2;1,4;2,1;1,2;1,4;1,2;1,3;1,3;1,5;1,5;1,8;1,5;1,3;1,5;1,5;1,8;
0418000;"Powiat włocławski";0,6;0,7;0,9;1,2;1,1;1,0;1,0;1,3;1,6;0,8;1,4;1,8;2,0;1,2;1,7;0,9;0,8;
0419000;"Powiat żniński";0,8;0,7;1,0;1,5;1,5;1,4;1,5;1,5;1,4;1,9;1,9;1,6;1,8;2,3;1,5;1,4;1,4;
0461000;"Powiat m.Bydgoszcz";2,2;2,0;2,6;2,8;2,9;2,6;2,3;2,8;2,5;2,6;2,2;2,1;2,2;2,3;1,9;2,2;1,8;
0462000;"Powiat m.Grudziądz";1,8;1,7;2,1;2,7;2,8;2,9;2,5;2,2;2,1;2,2;2,1;2,5;2,2;2,4;1,9;2,4;2,2;
0463000;"Powiat m.Toruń";2,0;2,1;2,2;2,4;2,8;2,9;2,5;2,4;2,6;2,4;2,2;2,4;2,3;2,3;1,9;2,2;2,0;
0464000;"Powiat m.Włocławek";2,1;2,2;2,8;3,5;3,3;2,5;2,4;2,1;2,6;1,6;2,6;3,4;3,1;2,1;2,5;1,9;1,5;
0600000;"LUBELSKIE";0,9;0,8;0,9;1,3;0,9;1,1;0,9;1,3;1,1;1,3;1,4;1,9;1,5;1,6;1,5;1,6;1,5;
0601000;"Powiat bialski";0,5;0,5;0,4;0,7;0,6;0,7;0,6;0,9;0,9;0,7;1,1;1,4;1,1;1,2;1,1;1,4;1,1;
0602000;"Powiat biłgorajski";0,5;0,5;0,7;1,0;0,9;0,8;0,8;0,8;0,9;1,0;1,0;1,1;1,1;1,3;1,1;1,1;0,9;
0603000;"Powiat chełmski";0,5;0,7;0,5;1,1;0,9;0,7;0,7;1,0;0,9;1,2;1,2;1,5;1,2;1,5;1,3;1,5;1,5;
0604000;"Powiat hrubieszowski";0,6;0,5;0,9;1,5;1,1;1,1;1,2;1,3;1,2;1,3;1,6;1,6;1,6;1,8;1,2;1,5;1,2;
0605000;"Powiat janowski";0,3;0,4;0,6;1,0;0,8;0,7;0,6;0,9;0,6;0,8;1,1;0,7;0,4;1,0;0,6;1,0;0,6;
0606000;"Powiat krasnostawski";0,6;0,6;1,1;1,5;1,2;1,1;0,9;1,1;1,1;1,6;1,3;1,4;1,4;1,3;1,2;1,4;1,1;
0607000;"Powiat kraśnicki";0,8;0,6;0,7;1,2;0,8;0,7;0,8;1,2;0,9;1,1;1,2;1,8;1,2;1,7;1,3;1,4;1,3;
0608000;"Powiat lubartowski";0,7;0,8;0,7;0,9;0,5;0,7;0,5;1,0;0,7;1,0;1,2;1,7;1,4;1,3;1,3;1,2;1,4;
0609000;"Powiat lubelski";0,6;0,6;0,5;0,8;0,4;0,6;0,6;0,9;0,9;1,1;0,9;1,6;1,3;1,2;1,3;1,4;1,4;
0610000;"Powiat łęczyński";1,0;0,8;0,8;1,2;0,9;1,1;1,0;1,3;1,2;1,3;1,6;2,3;1,5;1,4;1,5;1,7;1,7;
0611000;"Powiat łukowski";0,4;0,3;0,5;0,8;0,4;0,7;0,5;0,7;0,6;0,8;1,1;1,2;1,0;1,0;1,1;1,2;1,1;
0612000;"Powiat opolski";0,8;0,5;0,9;1,2;0,7;0,7;0,6;1,2;1,1;0,8;1,4;1,6;1,3;1,9;1,4;1,3;1,6;
0613000;"Powiat parczewski";0,5;0,6;0,5;1,0;0,5;0,8;0,5;1,0;0,9;1,1;1,3;1,9;1,5;1,7;1,4;1,6;1,5;
0614000;"Powiat puławski";1,0;0,8;0,9;1,3;0,8;1,1;0,9;1,3;1,2;1,3;1,5;2,4;1,6;1,9;1,6;1,9;1,5;
0615000;"Powiat radzyński";0,7;0,5;0,3;0,8;0,4;0,8;0,6;1,1;0,9;0,7;1,0;1,5;1,1;1,4;1,1;1,4;1,0;
0616000;"Powiat rycki";0,7;0,5;0,6;0,8;0,7;0,8;0,6;1,1;1,1;0,9;1,1;2,0;1,2;1,3;1,2;1,3;1,5;
0617000;"Powiat świdnicki";1,0;1,2;0,8;1,6;1,0;1,2;0,9;1,4;1,3;1,5;1,6;2,7;1,7;1,9;1,8;2,1;2,1;
0618000;"Powiat tomaszowski";0,6;0,7;0,7;1,2;1,1;1,0;1,1;1,1;1,0;1,3;1,0;1,1;1,4;1,5;1,3;1,3;1,0;
0619000;"Powiat włodawski";0,7;0,8;0,9;1,4;0,7;1,2;0,7;1,2;1,2;1,3;1,3;2,1;1,6;1,9;1,5;1,7;1,7;
0620000;"Powiat zamojski";0,5;0,5;0,6;1,3;0,9;0,8;0,9;0,9;0,9;1,2;1,4;1,1;1,3;1,1;1,1;1,3;1,0;
0661000;"Powiat m.Biała Podlaska";1,3;0,9;1,0;1,7;1,2;1,6;1,3;1,8;1,5;1,6;1,6;2,8;2,0;1,9;1,9;2,3;2,0;
0662000;"Powiat m.Chełm";1,5;1,6;1,2;1,9;1,3;1,8;1,1;1,9;1,8;1,8;2,2;3,0;2,1;2,3;2,6;2,4;2,0;
0663000;"Powiat m.Lublin";1,9;1,7;1,5;1,8;1,1;1,7;1,3;2,1;1,6;1,9;2,1;2,9;2,1;2,1;1,9;2,0;2,1;
0664000;"Powiat m.Zamość";1,4;1,2;1,8;2,7;2,1;2,3;2,0;2,3;1,9;2,2;2,3;1,8;1,8;2,0;2,1;1,8;1,8;
0800000;"LUBUSKIE";1,5;1,5;1,9;2,5;2,4;2,1;2,2;1,9;1,9;2,1;2,0;1,9;2,1;2,0;1,9;1,8;1,6;
0801000;"Powiat gorzowski";1,4;1,5;1,8;1,9;1,7;1,9;1,8;2,2;2,1;1,8;1,4;1,6;1,6;1,5;1,7;1,4;1,2;
0802000;"Powiat krośnieński";1,2;1,3;1,7;2,5;2,5;2,2;2,1;2,0;1,7;2,0;2,0;1,9;1,7;2,0;1,9;2,0;1,5;
0803000;"Powiat międzyrzecki";1,3;1,3;1,8;1,7;1,7;1,9;2,3;1,6;1,5;1,8;1,7;1,4;1,7;1,6;1,6;1,2;1,1;
0804000;"Powiat nowosolski";1,1;1,2;1,6;2,3;1,9;2,0;2,1;1,8;1,8;1,9;2,0;2,1;1,9;2,0;1,7;1,7;1,5;
0805000;"Powiat słubicki";2,0;1,4;1,8;2,5;2,5;2,2;2,1;1,7;1,7;1,9;1,9;1,5;1,9;1,6;2,0;1,8;1,3;
0806000;"Powiat strzelecko-drezdenecki";1,1;1,0;1,6;2,0;1,8;1,5;1,8;1,6;1,5;1,6;1,5;1,4;1,9;1,6;1,5;1,4;1,0;
0807000;"Powiat sulęciński";1,3;0,8;1,3;2,0;2,1;2,3;1,8;1,4;1,4;1,5;1,3;1,5;1,4;1,6;1,4;1,6;1,5;
0808000;"Powiat świebodziński";0,9;1,2;1,4;2,6;2,0;2,1;1,9;1,5;1,5;1,6;1,9;1,7;1,8;2,2;1,7;1,8;1,9;
0809000;"Powiat zielonogórski";1,0;1,2;1,8;2,3;1,9;1,5;1,6;1,6;1,6;1,5;1,6;1,9;2,3;2,0;1,5;1,8;1,6;
0810000;"Powiat żagański";1,3;1,4;1,9;2,4;2,4;2,0;1,9;2,0;1,8;2,1;1,7;1,8;2,0;2,2;1,9;1,8;1,8;
0811000;"Powiat żarski";1,2;1,5;1,8;3,0;2,5;2,0;2,2;1,6;1,9;1,9;1,9;1,9;2,2;2,2;1,7;1,9;1,5;
0812000;"Powiat wschowski";0,8;0,9;1,3;1,3;2,0;1,3;1,4;1,7;1,3;1,9;1,2;1,6;1,7;1,6;1,7;1,7;1,9;
0861000;"Powiat m.Gorzów Wielkopolski";2,5;2,6;2,9;3,3;3,5;2,9;3,3;2,7;2,7;3,4;3,1;2,6;2,8;2,8;2,6;2,0;1,9;
0862000;"Powiat m.Zielona Góra";2,1;2,2;2,6;3,3;3,1;2,6;2,8;2,5;2,3;2,4;2,4;2,3;2,5;2,2;2,0;2,2;2,0;
1000000;"ŁÓDZKIE";1,4;1,3;1,7;2,0;2,1;1,9;1,7;1,9;1,7;1,6;1,8;1,8;1,8;1,5;1,6;1,8;1,5;
1001000;"Powiat bełchatowski";1,2;1,2;1,9;2,0;1,9;2,0;1,8;2,3;1,9;1,5;1,8;1,7;2,8;1,6;2,0;2,2;1,4;
1002000;"Powiat kutnowski";1,2;1,0;1,7;2,4;2,6;2,3;2,1;1,9;1,5;2,0;1,8;1,5;1,7;1,6;1,9;1,9;2,0;
1003000;"Powiat łaski";0,9;0,7;1,2;2,1;1,3;1,1;1,2;1,5;1,4;1,4;1,5;1,5;1,7;1,9;1,3;2,0;1,3;
1004000;"Powiat łęczycki";0,8;0,7;1,3;1,5;1,6;1,2;1,2;1,4;1,0;1,2;1,6;1,4;1,4;1,5;1,5;1,5;1,3;
1005000;"Powiat łowicki";0,8;0,9;1,0;1,0;1,6;1,2;1,5;1,4;1,5;1,5;1,4;1,3;1,3;1,4;1,3;1,3;1,1;
1006000;"Powiat łódzki wschodni";1,0;1,1;1,5;1,4;1,8;1,6;1,6;1,6;1,6;1,4;1,5;1,8;1,2;1,1;1,6;1,8;1,1;
1007000;"Powiat opoczyński";0,7;0,6;1,0;0,9;1,0;1,1;0,8;1,2;1,0;0,9;1,1;0,9;1,5;1,0;1,1;1,3;0,9;
1008000;"Powiat pabianicki";1,6;1,2;1,8;2,1;2,1;1,9;2,1;2,1;1,6;1,8;2,0;2,1;1,9;1,8;1,5;1,8;1,6;
1009000;"Powiat pajęczański";0,6;0,6;0,7;0,9;0,9;1,0;0,9;1,1;1,0;1,1;1,1;1,1;1,1;1,0;1,2;1,2;1,2;
1010000;"Powiat piotrkowski";0,5;0,5;1,1;1,4;1,4;1,2;1,0;1,2;1,3;1,1;1,4;1,1;1,7;1,3;1,2;1,7;1,2;
1011000;"Powiat poddębicki";0,5;0,7;0,8;1,3;1,3;0,8;1,0;1,2;1,1;1,1;1,0;1,7;1,4;1,2;1,0;1,5;1,2;
1012000;"Powiat radomszczański";0,7;0,8;1,6;1,8;1,7;1,4;1,3;1,6;1,1;1,7;1,8;1,4;2,4;1,4;1,4;1,9;1,2;
1013000;"Powiat rawski";0,8;0,8;1,1;1,1;1,3;1,0;1,0;1,1;1,2;1,1;1,4;1,3;1,3;1,5;1,2;1,4;1,4;
1014000;"Powiat sieradzki";0,9;1,0;1,0;1,4;1,3;1,5;1,2;1,6;1,1;1,4;1,2;1,3;1,6;1,2;1,5;1,3;1,4;
1015000;"Powiat skierniewicki";0,5;0,4;0,6;0,5;0,9;0,7;0,6;0,7;0,8;1,0;1,0;0,7;0,9;0,7;0,9;1,0;1,3;
1016000;"Powiat tomaszowski";1,2;1,2;2,1;2,0;1,9;2,0;1,8;2,1;1,7;1,5;1,7;1,6;2,1;1,5;1,6;1,7;1,2;
1017000;"Powiat wieluński";0,7;0,8;0,8;1,2;1,0;1,2;0,9;1,5;0,9;1,1;1,3;1,3;1,7;1,2;1,4;1,3;1,3;
1018000;"Powiat wieruszowski";0,3;0,4;0,4;1,0;1,0;0,9;1,2;1,2;0,8;1,4;1,2;1,7;1,3;1,4;1,6;1,6;1,3;
1019000;"Powiat zduńskowolski";1,3;1,6;1,3;1,9;2,0;1,7;1,8;1,9;1,7;1,7;1,9;1,7;1,9;1,6;1,5;2,1;1,4;
1020000;"Powiat zgierski";1,7;1,4;1,6;2,1;2,2;1,8;1,8;2,0;1,8;1,8;1,8;2,2;1,8;2,0;1,6;2,0;1,8;
1021000;"Powiat brzeziński";0,6;1,1;1,2;1,3;1,6;1,6;1,3;1,6;1,7;1,4;1,6;1,2;0,5;1,4;1,5;1,8;1,3;
1061000;"Powiat m.Łódź";2,1;2,1;2,4;2,6;3,0;2,7;2,1;2,5;2,2;1,8;2,2;2,2;1,6;1,6;1,9;1,9;1,6;
1062000;"Powiat m.Piotrków Trybunalski";1,8;1,8;2,7;2,7;2,9;2,6;2,0;2,7;2,5;2,0;2,6;2,0;3,1;2,1;2,1;2,3;1,6;
1063000;"Powiat m.Skierniewice";1,5;1,9;2,0;2,2;2,7;2,4;2,4;2,0;1,9;2,1;2,4;2,2;2,5;2,1;2,6;2,0;2,3;
1200000;"MAŁOPOLSKIE";0,8;0,8;1,1;1,4;1,5;1,3;1,3;1,2;1,1;1,5;1,4;1,2;1,3;1,4;1,4;1,3;1,3;
1201000;"Powiat bocheński";0,5;0,6;0,6;1,1;1,0;0,7;0,9;0,8;0,8;0,9;1,0;1,1;0,7;1,0;1,3;0,9;1,3;
1202000;"Powiat brzeski";0,5;0,6;0,8;1,0;0,8;0,6;0,7;0,6;0,8;0,9;0,8;0,8;0,8;1,0;1,2;1,2;1,0;
1203000;"Powiat chrzanowski";0,9;1,1;1,3;2,2;2,3;1,9;1,8;1,7;1,5;2,3;2,1;1,9;1,7;2,0;2,0;1,8;1,6;
1204000;"Powiat dąbrowski";0,6;0,4;0,6;0,7;0,8;0,4;0,7;0,6;0,7;0,8;0,8;0,9;0,9;1,0;1,0;0,9;0,8;
1205000;"Powiat gorlicki";0,4;0,6;0,6;1,0;1,0;0,8;1,0;0,6;0,8;0,6;1,0;0,9;0,9;1,0;0,9;0,9;1,1;
1206000;"Powiat krakowski";0,5;0,5;0,7;1,2;1,2;1,0;1,0;1,2;1,1;1,6;1,5;1,1;1,4;1,5;1,4;1,4;1,3;
1207000;"Powiat limanowski";0,2;0,2;0,4;0,4;0,5;0,5;0,5;0,4;0,4;0,4;0,6;0,6;0,7;0,7;0,7;0,8;0,8;
1208000;"Powiat miechowski";0,2;0,4;0,7;1,2;1,4;0,9;0,9;0,8;0,9;1,2;1,3;1,2;1,2;1,1;1,4;1,2;1,0;
1209000;"Powiat myślenicki";0,3;0,4;0,6;0,8;0,9;0,8;0,9;0,9;0,7;1,1;0,9;0,8;0,9;1,2;1,1;1,0;1,0;
1210000;"Powiat nowosądecki";0,4;0,3;0,4;0,5;0,5;0,5;0,5;0,5;0,5;0,6;0,8;0,6;0,7;0,7;0,7;0,6;0,7;
1211000;"Powiat nowotarski";0,4;0,5;0,8;0,9;0,9;0,9;0,8;0,6;0,8;0,7;0,9;0,9;1,0;1,0;1,0;0,9;1,0;
1212000;"Powiat olkuski";0,7;0,7;1,1;1,7;1,8;1,6;1,6;1,5;1,2;1,7;1,6;1,3;1,6;1,5;1,4;1,3;1,4;
1213000;"Powiat oświęcimski";0,9;0,8;1,1;1,6;1,7;1,5;1,8;1,6;1,4;1,8;1,7;1,3;1,4;1,5;1,6;1,5;1,4;
1214000;"Powiat proszowicki";0,4;0,5;0,6;0,7;0,9;0,7;0,8;0,8;0,9;1,3;1,0;1,1;1,0;1,1;1,3;1,2;1,0;
1215000;"Powiat suski";0,4;0,3;0,5;0,8;1,1;0,7;0,7;0,8;0,8;1,2;0,8;0,8;1,0;1,0;1,1;0,8;0,8;
1216000;"Powiat tarnowski";0,3;0,5;0,5;0,7;0,6;0,6;0,7;0,6;0,6;0,9;0,8;0,8;1,0;0,9;1,1;1,0;1,0;
1217000;"Powiat tatrzański";1,1;0,8;1,2;1,4;1,5;1,2;1,1;1,4;1,3;1,1;1,3;1,4;1,2;1,7;1,1;1,1;1,4;
1218000;"Powiat wadowicki";0,5;0,5;0,7;1,1;1,1;1,0;1,2;1,0;0,8;1,2;1,2;1,0;1,0;1,1;1,1;1,0;1,2;
1219000;"Powiat wielicki";0,5;0,5;0,8;1,1;1,5;1,2;1,0;1,0;1,0;1,7;1,7;1,2;1,5;1,5;1,3;1,3;1,4;
1261000;"Powiat m.Kraków";1,4;1,6;1,9;2,4;2,8;2,2;2,3;2,2;1,5;2,4;2,2;1,6;1,9;2,0;1,9;1,7;1,8;
1262000;"Powiat m.Nowy Sącz";1,1;1,1;1,8;1,8;1,9;1,9;1,7;1,5;1,5;1,3;1,9;1,6;1,6;1,7;1,6;1,7;1,4;
1263000;"Powiat m.Tarnów";1,6;2,0;2,1;2,6;2,0;1,7;2,3;1,8;2,0;2,1;1,9;1,8;1,9;2,0;2,0;1,9;1,8;
1400000;"MAZOWIECKIE";1,1;1,2;1,4;1,7;1,9;1,8;1,8;1,7;1,6;1,7;1,7;1,7;1,8;1,8;1,6;1,7;1,8;
1401000;"Powiat białobrzeski";0,4;0,6;0,7;0,7;1,1;0,8;1,0;1,2;1,0;0,9;0,9;0,9;1,2;1,5;1,2;1,1;1,3;
1402000;"Powiat ciechanowski";0,7;0,9;1,6;2,5;1,8;1,6;1,4;1,6;1,4;1,6;1,7;1,2;1,4;1,5;1,2;1,7;1,6;
1403000;"Powiat garwoliński";0,5;0,4;0,6;1,0;1,0;1,0;1,0;0,8;0,9;0,9;0,9;1,0;0,9;0,9;1,1;0,9;0,9;
1404000;"Powiat gostyniński";0,9;0,8;1,6;2,0;1,7;2,1;1,3;1,8;1,2;1,3;1,8;1,3;1,5;2,0;1,4;1,6;1,7;
1405000;"Powiat grodziski";0,7;0,8;0,8;1,2;2,1;1,9;2,3;2,3;2,0;1,5;1,8;2,3;2,0;2,1;1,7;1,7;1,8;
1406000;"Powiat grójecki";0,9;1,0;1,3;1,3;2,1;1,3;1,5;1,1;1,5;1,0;1,2;1,0;1,7;1,6;1,6;1,4;1,7;
1407000;"Powiat kozienicki";0,6;0,8;1,1;1,1;1,7;1,0;1,3;1,2;1,5;0,8;1,1;1,1;1,3;1,4;1,5;1,2;1,4;
1408000;"Powiat legionowski";0,4;0,6;0,4;0,6;1,7;2,0;2,0;1,8;1,3;2,1;1,9;1,6;1,9;2,5;2,4;2,2;3,0;
1409000;"Powiat lipski";0,4;0,5;0,8;1,0;1,1;0,6;0,6;1,0;0,7;0,8;0,8;0,9;0,7;1,1;1,3;0,8;1,1;
1410000;"Powiat łosicki";0,4;0,5;0,8;1,2;1,3;0,9;0,8;1,0;0,9;0,8;0,7;0,8;1,0;1,0;1,2;0,9;0,9;
1411000;"Powiat makowski";0,7;0,7;1,2;0,9;1,1;0,8;1,2;1,2;0,9;1,1;1,2;1,2;1,3;1,1;1,4;1,2;1,4;
1412000;"Powiat miński";0,9;1,0;1,1;1,5;2,0;1,5;1,4;1,5;1,4;1,5;1,4;1,5;1,5;1,5;1,6;1,5;1,3;
1413000;"Powiat mławski";0,4;0,6;1,2;1,8;1,6;1,5;1,5;1,5;1,0;1,5;1,4;1,3;1,8;1,4;1,2;1,5;1,5;
1414000;"Powiat nowodworski";0,5;0,6;0,7;0,9;1,8;1,9;1,7;1,9;1,4;1,6;1,4;1,5;2,0;2,2;1,8;1,7;1,7;
1415000;"Powiat ostrołęcki";0,6;0,6;0,7;1,0;0,8;0,7;0,9;0,7;0,8;1,1;0,8;0,9;1,1;1,2;1,2;1,0;1,3;
1416000;"Powiat ostrowski";0,7;0,7;1,2;1,3;1,4;1,1;1,2;1,3;1,4;1,2;1,3;1,3;1,4;1,3;1,3;1,1;1,5;
1417000;"Powiat otwocki";0,3;0,4;0,2;0,7;1,3;1,8;1,6;1,3;1,0;1,8;1,4;1,2;1,7;1,8;1,5;1,5;1,4;
1418000;"Powiat piaseczyński";1,1;1,3;1,6;1,4;1,7;2,0;2,2;2,4;1,9;2,2;1,9;2,0;2,0;2,1;1,8;1,9;2,0;
1419000;"Powiat płocki";0,6;0,9;0,9;1,6;1,3;1,1;1,3;1,4;1,0;1,2;1,4;1,2;1,2;1,3;0,9;1,3;1,4;
1420000;"Powiat płoński";0,7;0,8;1,5;2,0;1,8;1,5;1,2;1,4;1,1;1,3;1,4;1,5;1,5;1,3;1,4;1,8;1,7;
1421000;"Powiat pruszkowski";0,5;0,6;0,5;0,7;1,9;1,7;2,0;2,1;2,0;1,9;1,7;2,7;2,1;2,4;1,5;1,7;2,2;
1422000;"Powiat przasnyski";0,8;0,7;1,1;1,2;1,2;1,0;1,2;1,0;1,0;1,1;1,4;1,2;1,4;1,6;1,4;1,3;1,2;
1423000;"Powiat przysuski";0,3;0,4;0,5;0,8;1,0;0,7;0,5;0,7;0,7;0,5;0,8;0,7;1,1;0,8;0,8;0,6;0,7;
1424000;"Powiat pułtuski";0,8;0,8;1,1;1,7;1,2;1,2;1,3;1,4;1,1;1,4;1,3;1,0;1,6;1,2;1,5;1,4;1,4;
1425000;"Powiat radomski";0,6;0,7;1,0;0,9;1,3;1,0;0,9;1,1;0,8;0,7;0,9;1,1;1,3;1,1;1,1;1,0;1,2;
1426000;"Powiat siedlecki";0,4;0,6;0,9;1,2;1,1;0,8;0,9;0,7;1,0;1,1;1,1;1,1;1,1;1,0;0,9;1,1;0,8;
1427000;"Powiat sierpecki";0,7;0,7;1,5;2,2;1,5;1,4;1,3;1,4;1,1;1,4;1,4;1,2;1,3;1,3;1,3;1,5;1,8;
1428000;"Powiat sochaczewski";0,9;1,2;1,4;2,1;1,6;1,9;1,6;2,1;1,5;1,2;1,7;1,3;1,7;1,3;1,4;1,8;1,8;
1429000;"Powiat sokołowski";0,7;0,7;0,7;1,0;1,2;1,0;1,0;1,3;0,9;1,2;1,0;1,1;1,3;1,1;1,5;1,1;1,2;
1430000;"Powiat szydłowiecki";0,5;0,7;0,9;1,1;1,3;1,3;1,0;1,2;1,0;0,9;1,3;1,3;1,5;1,1;1,5;1,1;1,4;
1432000;"Powiat warszawski zachodni";0,6;0,6;0,5;0,7;1,8;1,5;2,0;1,9;1,8;1,7;1,7;2,0;1,8;1,8;1,6;1,7;1,5;
1433000;"Powiat węgrowski";0,7;0,9;1,0;1,4;1,4;1,0;0,9;1,1;1,1;1,1;1,3;1,0;1,2;1,4;1,3;1,0;1,3;
1434000;"Powiat wołomiński";0,3;0,3;0,4;0,6;1,3;1,6;1,8;1,6;1,1;1,7;1,6;1,5;1,9;2,2;1,7;1,7;1,7;
1435000;"Powiat wyszkowski";0,8;1,0;1,1;1,4;1,2;1,1;1,3;1,2;1,1;1,4;1,0;1,4;1,4;1,5;1,5;1,4;1,7;
1436000;"Powiat zwoleński";0,4;0,6;0,6;0,8;0,7;0,8;0,7;0,7;1,0;0,6;0,6;1,1;1,0;0,7;1,2;0,9;1,0;
1437000;"Powiat żuromiński";0,4;0,4;0,9;1,5;1,1;1,0;0,8;0,7;0,7;0,8;0,9;0,8;1,0;1,2;0,7;1,3;0,8;
1438000;"Powiat żyrardowski";1,0;1,3;1,9;2,8;2,4;1,9;2,0;2,2;1,7;1,5;1,8;1,4;1,7;1,6;1,5;1,8;2,0;
1461000;"Powiat m.Ostrołęka";2,2;1,6;2,1;2,4;2,1;2,1;2,6;2,5;2,3;2,2;2,4;1,9;2,3;2,0;2,2;2,2;2,3;
1462000;"Powiat m.Płock";1,7;2,3;3,0;3,7;3,5;3,3;2,4;2,6;2,5;2,3;2,6;2,1;2,1;2,0;1,7;2,4;2,5;
1463000;"Powiat m.Radom";1,5;1,6;2,1;1,9;2,9;2,2;1,8;2,0;1,9;1,6;1,6;1,8;2,3;2,1;2,2;1,9;1,8;
1464000;"Powiat m.Siedlce";1,5;1,7;2,0;2,4;3,2;2,0;2,8;2,1;2,3;1,8;1,9;1,8;2,1;2,0;2,1;1,9;1,8;
1465000;"Powiat m. st. Warszawa";1,9;2,0;1,9;2,1;2,2;2,2;2,2;2,1;2,0;2,1;2,1;2,2;2,3;2,2;1,8;2,0;2,0;
1600000;"OPOLSKIE";1,1;1,3;1,5;1,8;2,0;1,8;1,6;1,7;1,5;1,7;1,6;1,6;1,7;1,7;1,4;1,6;1,5;
1601000;"Powiat brzeski";1,5;1,4;1,7;2,2;2,5;2,1;1,8;2,0;1,6;1,9;2,1;1,9;2,2;2,0;1,5;1,8;1,7;
1602000;"Powiat głubczycki";0,7;1,0;1,4;1,5;1,3;1,4;1,3;1,4;1,5;1,4;1,6;1,7;1,5;1,5;1,6;1,5;1,4;
1603000;"Powiat kędzierzyńsko-kozielski";1,1;1,7;1,8;2,0;2,2;2,1;1,9;1,8;1,8;1,8;1,6;1,7;1,8;1,7;1,2;1,8;1,7;
1604000;"Powiat kluczborski";0,9;1,2;1,6;1,6;1,9;1,7;1,5;1,4;1,7;1,4;1,6;1,7;1,6;1,5;1,4;1,6;1,5;
1605000;"Powiat krapkowicki";1,0;1,0;1,3;1,7;2,0;1,7;1,7;1,6;1,4;1,3;1,5;1,4;1,4;1,7;1,4;1,5;1,5;
1606000;"Powiat namysłowski";0,8;1,1;1,2;1,6;1,9;1,6;1,7;1,6;1,5;1,8;1,7;2,0;1,6;2,1;1,5;1,9;1,6;
1607000;"Powiat nyski";1,1;1,4;1,4;2,0;2,3;1,9;1,7;1,8;1,4;1,9;1,7;1,7;1,8;1,8;1,6;1,8;1,5;
1608000;"Powiat oleski";0,5;0,8;0,7;1,1;1,3;1,2;1,1;1,2;1,2;1,1;1,0;0,9;1,1;1,0;1,0;1,1;1,3;
1609000;"Powiat opolski";0,7;0,8;1,0;1,1;1,6;1,1;1,1;1,3;1,2;1,8;1,3;1,3;1,2;1,3;1,2;1,3;1,3;
1610000;"Powiat prudnicki";0,8;1,2;1,2;1,6;1,6;1,6;1,5;1,7;1,2;1,1;1,5;1,4;1,7;1,4;1,5;1,3;1,4;
1611000;"Powiat strzelecki";0,7;0,9;1,2;1,3;1,5;1,2;1,2;1,3;1,1;1,5;1,5;1,5;1,4;1,6;1,0;1,3;1,2;
1661000;"Powiat m.Opole";2,0;2,2;2,4;2,6;2,9;3,1;2,7;2,8;2,0;2,1;2,2;2,0;2,4;2,1;2,0;2,0;1,9;
1800000;"PODKARPACKIE";0,8;0,8;1,1;1,3;1,1;1,1;1,1;1,1;1,0;1,1;1,0;1,1;1,1;1,2;1,2;1,2;1,2;
1801000;"Powiat bieszczadzki";1,2;1,3;1,5;2,3;1,7;1,1;1,2;1,4;1,0;1,1;0,9;1,9;1,5;1,6;1,8;1,2;1,3;
1802000;"Powiat brzozowski";0,3;0,3;0,5;0,7;0,7;0,5;0,3;0,5;0,6;0,6;0,6;0,9;0,5;0,9;1,2;0,7;0,9;
1803000;"Powiat dębicki";0,6;0,5;0,8;0,9;0,9;1,0;0,9;1,0;0,8;0,9;1,1;0,8;0,9;1,1;1,1;1,0;0,9;
1804000;"Powiat jarosławski";0,9;0,8;1,1;1,2;1,0;1,0;1,2;1,2;0,9;1,1;1,1;1,1;1,1;1,4;1,4;1,4;1,2;
1805000;"Powiat jasielski";0,5;0,7;0,9;0,9;0,9;0,8;0,8;0,9;0,9;1,0;0,9;1,0;0,9;1,2;1,2;1,0;1,0;
1806000;"Powiat kolbuszowski";0,3;0,4;0,5;0,8;0,5;0,7;0,7;0,5;0,4;0,5;0,5;0,6;0,6;0,7;0,6;0,7;0,7;
1807000;"Powiat krośnieński";0,5;0,5;0,8;0,9;0,8;0,7;0,7;1,0;0,8;0,9;0,9;1,2;1,1;1,1;1,3;1,0;1,2;
1808000;"Powiat leżajski";0,5;0,5;0,8;1,0;0,8;0,8;0,9;0,9;0,7;0,9;0,9;0,8;0,8;1,0;0,9;0,7;0,9;
1809000;"Powiat lubaczowski";0,6;0,5;1,0;1,1;0,9;0,9;1,1;1,0;1,1;0,9;0,9;1,0;1,0;1,2;1,0;1,4;1,2;
1810000;"Powiat łańcucki";0,4;0,5;0,8;0,9;0,9;0,7;1,0;0,8;0,7;1,0;0,9;0,8;1,0;1,1;1,0;1,0;0,8;
1811000;"Powiat mielecki";0,7;0,7;1,0;1,2;1,0;1,0;1,0;1,1;1,0;1,1;0,9;1,1;0,9;1,2;0,9;1,4;1,2;
1812000;"Powiat niżański";0,5;0,5;0,7;1,0;1,0;1,0;0,8;0,7;0,9;1,0;0,7;0,9;0,6;0,8;0,8;1,3;1,0;
1813000;"Powiat przemyski";0,7;0,7;1,0;1,4;0,9;0,8;0,9;0,9;0,9;1,2;1,2;0,8;0,9;1,1;0,8;0,8;1,0;
1814000;"Powiat przeworski";0,6;0,6;0,8;1,2;0,8;0,8;0,9;0,7;1,0;1,1;0,6;1,1;0,8;1,0;0,8;0,8;0,9;
1815000;"Powiat ropczycko-sędziszowski";0,2;0,4;0,5;0,7;0,6;0,5;0,6;0,6;0,6;0,8;0,7;0,5;0,7;1,0;0,8;0,9;0,8;
1816000;"Powiat rzeszowski";0,5;0,5;0,6;0,9;0,7;0,6;0,7;0,7;0,6;0,9;0,8;0,8;0,9;1,1;0,9;0,9;0,9;
1817000;"Powiat sanocki";0,8;1,1;1,0;1,2;1,1;1,1;1,2;1,2;1,0;1,0;1,0;1,3;1,4;1,4;1,7;1,3;1,2;
1818000;"Powiat stalowowolski";1,1;1,2;1,2;1,7;1,5;1,3;1,4;1,4;1,3;1,3;1,5;1,3;1,3;1,4;1,2;1,6;1,4;
1819000;"Powiat strzyżowski";0,4;0,4;0,5;1,0;0,8;0,7;0,6;0,5;0,7;0,9;1,0;0,8;0,8;1,1;1,0;0,7;1,0;
1820000;"Powiat tarnobrzeski";0,7;0,8;0,9;1,3;1,0;1,1;1,3;0,9;1,1;1,2;1,2;1,0;1,0;1,1;0,9;1,3;1,2;
1821000;"Powiat leski";1,1;0,9;0,9;1,3;1,1;1,1;1,1;1,1;1,0;1,2;0,8;1,4;1,0;1,3;1,5;1,1;1,1;
1861000;"Powiat m.Krosno";1,7;1,5;1,4;1,8;1,8;1,6;1,7;1,9;1,9;1,4;1,4;1,9;1,7;2,5;1,9;1,9;1,8;
1862000;"Powiat m.Przemyśl";1,9;2,0;2,4;3,0;2,1;2,3;2,4;2,0;1,9;2,0;1,9;1,8;2,0;1,8;2,0;1,7;2,2;
1863000;"Powiat m.Rzeszów";1,8;1,6;2,3;2,2;2,1;2,1;1,9;1,9;1,5;1,8;1,6;1,6;1,9;1,8;1,8;1,4;1,6;
1864000;"Powiat m.Tarnobrzeg";1,9;1,8;2,3;2,4;2,1;2,3;1,9;1,8;1,8;2,1;2,0;1,8;1,9;1,6;1,2;2,2;1,9;
2000000;"PODLASKIE";1,1;1,3;1,6;1,8;1,5;1,7;1,5;1,7;1,6;1,6;1,5;1,7;1,6;1,7;1,5;1,5;1,5;
2001000;"Powiat augustowski";1,0;1,2;1,2;1,9;1,6;1,6;1,3;1,4;1,2;1,5;1,3;1,5;1,5;1,7;1,4;1,3;1,8;
2002000;"Powiat białostocki";0,8;1,0;1,2;1,2;1,1;1,1;1,2;1,3;1,3;1,2;1,2;1,4;1,4;1,3;1,2;1,4;1,3;
2003000;"Powiat bielski";1,0;0,9;1,3;1,3;1,1;1,6;1,7;1,5;1,2;1,3;1,2;1,4;1,3;1,5;1,7;1,4;0,9;
2004000;"Powiat grajewski";0,8;1,1;1,4;1,9;1,4;1,5;1,5;1,4;1,3;1,5;1,1;1,3;1,5;1,5;1,8;1,4;1,5;
2005000;"Powiat hajnowski";0,9;0,9;1,6;1,9;1,4;1,8;1,7;2,1;1,9;1,6;1,8;2,1;1,7;1,6;1,3;1,6;1,3;
2006000;"Powiat kolneński";0,5;0,3;0,9;1,1;0,8;0,9;1,0;0,8;0,9;0,6;1,0;1,0;1,0;1,2;1,1;1,0;1,0;
2007000;"Powiat łomżyński";0,4;0,6;0,5;0,9;0,7;0,8;0,6;0,8;1,0;0,9;1,0;0,8;0,9;1,1;1,1;1,0;1,2;
2008000;"Powiat moniecki";0,7;0,5;0,9;1,0;0,7;1,0;0,7;1,2;0,8;1,1;0,9;1,3;1,1;1,2;0,8;1,1;0,8;
2009000;"Powiat sejneński";1,0;0,7;1,7;1,2;1,8;1,3;1,4;1,7;1,2;1,3;1,1;1,3;1,5;1,5;1,5;1,3;1,9;
2010000;"Powiat siemiatycki";0,7;0,8;1,1;1,2;0,8;1,0;0,7;1,1;1,0;1,0;1,0;1,1;1,2;1,2;1,1;1,1;1,0;
2011000;"Powiat sokólski";0,5;0,7;0,9;1,1;1,0;1,3;0,9;1,4;1,0;0,8;0,9;1,2;1,3;1,4;0,9;1,0;1,0;
2012000;"Powiat suwalski";0,6;0,5;0,9;0,9;0,9;0,8;0,8;0,9;0,9;0,7;1,2;1,1;0,9;1,1;1,0;0,8;1,0;
2013000;"Powiat wysokomazowiecki";0,4;0,5;1,0;1,0;0,7;1,1;0,7;0,9;0,8;0,7;0,8;0,9;1,1;1,1;1,2;1,0;1,2;
2014000;"Powiat zambrowski";0,8;0,9;0,8;1,7;1,5;1,6;1,4;1,4;1,7;1,7;1,1;1,4;1,8;1,5;1,6;1,6;1,4;
2061000;"Powiat m.Białystok";1,9;2,4;2,5;2,7;2,4;2,7;2,2;2,7;2,4;2,4;2,0;2,4;2,1;2,3;1,9;2,1;1,9;
2062000;"Powiat m.Łomża";1,5;2,0;2,2;2,7;2,0;2,2;2,4;1,8;2,5;2,2;2,3;2,3;2,0;1,9;2,2;1,9;2,1;
2063000;"Powiat m.Suwałki";1,8;1,7;2,7;2,7;2,6;2,4;2,6;2,2;2,4;2,4;2,1;2,2;2,1;2,3;2,2;1,9;2,1;
2200000;"POMORSKIE";1,3;1,5;1,4;1,8;2,0;2,0;1,9;1,9;1,6;1,7;1,4;1,7;1,4;2,0;1,7;1,6;1,5;
2201000;"Powiat bytowski";0,7;0,7;0,9;1,1;1,5;1,1;1,1;1,3;1,3;1,2;1,3;1,5;1,3;1,4;1,5;1,4;1,3;
2202000;"Powiat chojnicki";0,8;0,9;1,1;1,2;1,6;1,5;1,5;1,4;1,5;1,5;1,3;1,7;1,3;1,8;1,8;1,5;1,5;
2203000;"Powiat człuchowski";0,8;1,1;1,3;1,1;1,9;1,4;1,6;1,7;1,2;1,5;1,3;1,5;1,4;1,5;1,6;1,7;1,6;
2204000;"Powiat gdański";1,3;1,0;0,9;1,4;1,7;1,7;1,7;1,7;1,3;1,3;1,1;1,7;1,3;2,0;1,6;1,5;1,6;
2205000;"Powiat kartuski";0,3;0,6;0,5;0,8;1,0;1,1;1,0;0,8;0,6;0,9;0,7;1,0;0,8;1,3;1,0;1,2;1,1;
2206000;"Powiat kościerski";0,7;0,6;0,6;1,3;1,1;1,4;1,2;1,2;0,7;1,1;1,0;1,1;1,1;1,6;1,3;0,8;1,0;
2207000;"Powiat kwidzyński";0,8;1,0;1,5;2,0;1,9;2,1;1,7;1,6;1,6;1,5;1,2;1,8;1,3;2,0;1,4;1,4;1,6;
2208000;"Powiat lęborski";1,2;1,8;1,5;1,5;2,3;2,0;1,8;2,3;1,6;2,0;2,0;2,0;1,6;1,9;2,1;1,8;2,0;
2209000;"Powiat malborski";1,0;1,3;1,3;1,9;2,0;2,3;1,5;2,1;1,4;2,0;1,3;1,8;1,3;1,8;1,7;1,5;1,3;
2210000;"Powiat nowodworski";0,9;0,8;0,7;1,3;1,3;1,7;1,6;1,7;1,5;1,4;0,8;1,3;1,0;1,8;1,6;1,3;1,4;
2211000;"Powiat pucki";0,8;1,0;0,8;1,5;1,4;1,5;1,4;1,5;1,1;1,3;1,1;1,3;0,9;1,4;1,2;1,2;1,5;
2212000;"Powiat słupski";1,2;1,4;1,7;1,8;2,0;1,6;1,4;1,9;1,8;1,6;1,8;1,8;1,9;2,1;1,8;2,1;1,5;
2213000;"Powiat starogardzki";1,0;1,1;0,8;1,5;1,3;1,6;1,4;1,4;1,1;1,4;1,0;1,7;1,2;1,8;1,3;1,3;1,4;
2214000;"Powiat tczewski";0,9;1,1;1,0;1,7;1,7;1,8;1,7;1,5;1,4;1,6;1,2;1,5;1,3;2,0;1,5;1,4;1,5;
2215000;"Powiat wejherowski";1,0;1,1;1,2;1,5;1,7;1,9;1,7;1,7;1,4;1,5;1,1;1,6;1,4;2,0;1,6;1,4;1,5;
2216000;"Powiat sztumski";0,8;0,8;0,9;1,6;1,6;1,3;1,7;1,3;1,2;1,5;0,9;1,3;0,8;1,5;1,2;1,2;1,3;
2261000;"Powiat m.Gdańsk";2,0;2,1;2,0;2,5;2,6;2,7;2,5;2,4;2,2;2,2;1,5;2,0;1,6;2,6;2,0;2,0;1,6;
2262000;"Powiat m.Gdynia";1,9;2,1;1,9;2,4;2,5;2,7;2,5;2,2;2,1;2,2;1,6;1,9;1,5;2,6;1,8;1,7;1,8;
2263000;"Powiat m.Słupsk";2,4;2,7;2,5;2,2;3,0;2,8;2,1;3,0;2,4;2,4;2,3;2,5;2,2;2,5;2,3;2,1;1,9;
2264000;"Powiat m.Sopot";2,1;1,7;1,8;2,4;2,0;2,3;2,7;2,3;1,7;2,0;1,6;1,9;1,1;1,9;1,6;1,5;1,0;
2400000;"ŚLĄSKIE";1,2;1,5;1,7;2,0;2,3;2,0;2,1;1,9;1,8;1,8;1,8;1,9;1,8;1,8;1,8;1,8;1,8;
2401000;"Powiat będziński";1,4;1,6;1,7;1,8;2,6;1,9;2,3;2,0;1,9;1,9;1,9;1,9;1,6;1,9;1,7;1,9;2,0;
2402000;"Powiat bielski";0,7;0,9;1,1;1,3;1,4;1,6;1,4;1,6;1,5;1,4;1,6;1,7;1,7;1,7;1,5;1,5;1,6;
2403000;"Powiat cieszyński";1,1;1,3;1,9;2,1;1,6;1,8;1,8;1,8;1,7;1,7;1,8;1,9;1,8;1,8;1,8;1,7;1,7;
2404000;"Powiat częstochowski";0,5;0,6;1,0;1,3;1,8;1,4;1,4;1,2;1,2;1,2;1,5;1,4;1,5;1,3;1,1;1,1;1,3;
2405000;"Powiat gliwicki";0,6;1,0;0,8;1,8;1,9;1,8;1,7;1,6;1,5;1,6;1,6;1,3;1,7;1,5;1,7;1,4;1,4;
2406000;"Powiat kłobucki";0,5;0,6;0,7;1,0;1,4;1,0;1,1;1,1;1,2;1,3;1,3;1,2;1,3;1,2;1,2;1,3;1,3;
2407000;"Powiat lubliniecki";0,4;0,7;0,8;1,3;1,6;1,7;1,3;1,2;1,4;1,3;1,4;1,3;1,4;1,2;1,3;1,1;1,4;
2408000;"Powiat mikołowski";1,0;1,1;1,4;1,8;2,0;1,1;1,7;1,5;1,4;1,2;1,3;1,5;1,3;1,4;1,3;1,5;1,7;
2409000;"Powiat myszkowski";0,7;0,8;1,2;1,5;2,6;1,9;1,9;1,5;1,6;1,6;1,9;1,6;1,8;1,6;1,4;1,2;1,9;
2410000;"Powiat pszczyński";0,7;1,1;1,0;1,2;1,7;1,5;1,6;1,4;1,4;1,3;1,3;1,3;1,4;1,5;1,5;1,5;1,4;
2411000;"Powiat raciborski";1,1;1,2;1,7;1,7;1,5;1,7;1,7;1,1;1,3;1,5;1,7;1,6;1,6;1,4;1,5;1,4;1,6;
2412000;"Powiat rybnicki";0,9;0,9;1,3;1,1;1,1;1,3;1,6;0,9;1,6;1,5;1,4;1,1;1,3;1,4;1,4;1,6;1,4;
2413000;"Powiat tarnogórski";0,6;1,1;0,8;1,6;1,8;1,9;1,8;1,4;1,6;1,7;1,5;1,8;1,7;1,6;1,9;1,3;1,2;
2414000;"Powiat bieruńsko-lędziński";0,6;0,6;0,8;1,1;1,3;1,2;1,2;1,2;1,3;1,1;1,1;1,3;1,1;1,1;1,7;1,3;1,6;
2415000;"Powiat wodzisławski";1,0;1,1;1,6;1,7;1,8;1,5;1,8;1,1;1,6;1,9;1,8;1,8;1,5;1,6;1,5;1,5;1,8;
2416000;"Powiat zawierciański";1,0;1,2;1,7;2,0;2,2;2,2;2,0;1,7;1,8;1,7;1,7;1,9;1,8;1,6;1,7;1,6;1,7;
2417000;"Powiat żywiecki";0,5;0,7;1,2;1,2;1,1;1,4;1,0;1,3;1,1;1,1;1,3;1,3;1,2;1,5;1,2;1,4;1,6;
2461000;"Powiat m.Bielsko-Biała";1,8;2,0;2,9;2,7;2,4;2,8;2,5;2,6;2,2;2,1;2,2;2,4;2,4;2,4;2,0;2,4;2,4;
2462000;"Powiat m.Bytom";1,6;2,1;2,2;2,2;2,8;2,5;2,2;2,5;2,1;1,9;2,0;2,1;2,2;1,9;2,2;2,0;1,8;
2463000;"Powiat m.Chorzów";1,7;1,8;2,2;2,3;3,1;2,0;2,3;1,9;1,9;1,9;1,8;1,9;1,8;1,9;2,1;2,2;2,3;
2464000;"Powiat m.Częstochowa";1,6;1,8;2,7;2,9;3,1;2,7;2,6;2,5;2,4;2,3;2,4;2,3;2,1;1,8;2,0;1,8;2,0;
2465000;"Powiat m.Dąbrowa Górnicza";1,7;1,9;2,0;2,0;2,7;1,8;2,8;2,2;1,9;1,9;1,9;2,0;1,8;2,1;1,9;2,1;2,4;
2466000;"Powiat m.Gliwice";1,2;2,0;1,3;2,6;3,0;2,8;2,6;2,1;2,2;1,9;2,0;1,9;2,1;2,0;2,1;1,6;1,9;
2467000;"Powiat m.Jastrzębie-Zdrój";1,9;2,2;2,8;2,3;2,5;2,4;2,5;1,5;2,3;2,3;2,5;2,4;1,9;2,0;1,8;2,1;2,5;
2468000;"Powiat m.Jaworzno";1,4;1,8;1,3;1,5;2,2;1,6;2,3;1,9;2,0;1,8;1,6;1,9;1,5;1,8;1,7;2,1;2,1;
2469000;"Powiat m.Katowice";1,7;2,1;2,3;2,1;2,6;2,5;2,4;2,4;2,0;2,1;2,0;2,1;2,1;2,1;1,8;2,0;1,8;
2470000;"Powiat m.Mysłowice";1,4;1,8;2,2;1,8;2,5;1,7;2,4;1,9;1,9;1,7;1,6;1,6;1,6;1,9;1,4;2,2;1,9;
2471000;"Powiat m.Piekary Śląskie";0,9;1,3;1,0;1,7;2,0;2,3;2,3;2,0;2,1;1,8;1,8;2,1;1,5;1,6;2,5;1,8;1,9;
2472000;"Powiat m.Ruda Śląska";0,9;1,2;0,9;2,0;2,5;2,5;2,2;2,2;2,0;1,9;1,9;1,8;1,7;1,9;2,1;1,9;1,8;
2473000;"Powiat m.Rybnik";1,5;1,7;2,1;2,0;2,2;1,8;2,3;1,6;2,2;2,1;2,2;2,1;1,7;1,8;1,8;1,9;2,0;
2474000;"Powiat m.Siemianowice Śląskie";2,0;1,9;1,9;2,4;2,7;2,8;2,4;2,4;2,1;2,3;2,1;2,1;2,6;2,5;2,2;2,5;1,5;
2475000;"Powiat m.Sosnowiec";1,8;2,3;2,4;2,3;2,9;2,8;2,7;2,6;2,1;2,3;2,2;2,4;2,2;2,2;2,2;2,3;2,0;
2476000;"Powiat m.Świętochłowice";1,3;1,6;1,7;1,6;2,6;1,8;1,7;1,8;1,5;1,6;1,7;1,9;1,5;1,7;1,5;1,6;1,8;
2477000;"Powiat m.Tychy";1,4;1,6;2,0;1,8;2,5;1,7;2,6;2,1;2,0;1,7;1,7;2,0;1,7;1,7;1,9;2,0;1,9;
2478000;"Powiat m.Zabrze";1,0;1,7;1,1;2,4;2,7;2,2;2,1;2,1;2,0;1,9;2,0;2,0;2,1;2,2;2,2;1,5;1,9;
2479000;"Powiat m.Żory";1,6;1,9;2,0;2,5;2,5;2,5;2,7;1,9;2,2;2,1;2,5;2,4;2,0;1,8;2,7;2,1;1,8;
2600000;"ŚWIĘTOKRZYSKIE";0,4;0,4;0,2;0,7;0,7;0,9;1,0;0,8;1,2;1,0;1,6;1,1;1,5;1,4;1,4;1,4;1,4;
2601000;"Powiat buski";0,4;0,3;0,1;0,7;0,8;0,8;0,8;0,7;1,0;0,9;1,7;1,2;1,6;1,5;1,4;1,1;1,5;
2602000;"Powiat jędrzejowski";0,3;0,3;0,1;0,4;0,4;0,6;0,7;0,5;0,8;0,7;1,3;1,1;1,2;1,3;1,3;1,1;1,4;
2603000;"Powiat kazimierski";0,1;0,2;0,2;0,4;0,3;0,4;0,5;0,4;0,7;0,9;1,2;0,6;0,9;1,1;0,8;1,1;0,9;
2604000;"Powiat kielecki";0,2;0,2;0,1;0,3;0,5;0,6;0,7;0,5;0,9;0,8;1,2;0,8;1,2;1,0;1,1;1,1;1,0;
2605000;"Powiat konecki";0,4;0,3;0,2;0,7;0,5;0,8;1,1;0,7;1,2;1,0;1,4;0,9;1,4;1,4;1,6;1,1;1,3;
2606000;"Powiat opatowski";0,3;0,4;0,1;0,5;0,5;0,8;0,5;0,5;1,0;0,6;1,1;0,8;1,2;1,0;1,1;1,3;1,0;
2607000;"Powiat ostrowiecki";0,8;0,6;0,3;1,0;0,9;1,1;1,5;1,3;1,6;1,4;1,8;1,2;1,8;1,6;1,8;1,9;1,7;
2608000;"Powiat pińczowski";0,3;0,4;0,1;0,7;0,6;0,5;0,9;0,9;1,0;0,6;1,0;1,0;1,2;1,4;1,4;1,3;1,4;
2609000;"Powiat sandomierski";0,4;0,4;0,2;0,7;0,6;0,8;0,7;0,8;0,9;0,8;1,2;1,1;1,1;1,3;1,2;1,5;1,5;
2610000;"Powiat skarżyski";0,5;0,6;0,2;0,8;0,8;1,3;1,2;1,0;1,5;1,2;1,7;1,5;1,7;1,6;1,7;1,7;1,5;
2611000;"Powiat starachowicki";0,6;0,5;0,2;0,8;0,9;1,0;1,2;0,9;1,2;1,3;1,8;1,2;1,8;1,7;1,7;1,8;1,5;
2612000;"Powiat staszowski";0,3;0,3;0,2;0,5;0,5;0,8;0,8;0,5;1,2;0,8;1,2;1,0;1,4;1,4;1,2;1,4;1,3;
2613000;"Powiat włoszczowski";0,2;0,3;0,1;0,6;0,4;0,7;0,6;0,4;0,8;0,5;1,2;0,6;1,1;0,9;1,0;1,1;0,9;
2661000;"Powiat m.Kielce";0,7;0,6;0,2;1,0;1,0;1,3;1,5;1,4;1,7;1,5;2,4;1,5;2,2;1,8;1,8;1,8;1,8;
2800000;"WARMIŃSKO-MAZURSKIE";1,5;1,7;1,9;2,1;2,4;2,1;2,0;2,0;2,0;2,0;1,9;1,9;1,9;1,9;1,9;2,0;1,7;
2801000;"Powiat bartoszycki";0,8;1,3;1,4;1,9;2,5;2,3;2,0;1,6;2,1;1,7;1,6;1,6;1,8;1,7;1,9;1,7;1,5;
2802000;"Powiat braniewski";1,5;1,6;1,9;2,6;1,8;2,0;2,1;1,9;1,7;2,3;1,5;1,9;1,8;1,4;1,7;2,1;1,3;
2803000;"Powiat działdowski";1,0;0,9;1,2;1,9;1,4;1,6;1,3;1,6;1,6;1,7;1,6;1,1;1,3;2,0;1,7;1,9;1,6;
2804000;"Powiat elbląski";1,1;1,5;1,8;1,7;1,6;1,7;1,4;1,9;1,5;1,7;1,5;1,7;1,3;1,5;1,4;1,7;1,4;
2805000;"Powiat ełcki";1,5;1,7;1,9;2,3;3,0;2,4;1,9;2,0;2,2;2,4;2,2;2,3;2,2;2,3;2,3;2,0;2,2;
2806000;"Powiat giżycki";1,3;1,9;1,8;2,1;2,6;2,1;2,3;1,8;2,0;1,8;2,0;2,4;2,2;2,1;1,7;1,9;2,0;
2807000;"Powiat iławski";1,3;1,1;1,4;2,1;1,8;1,6;1,9;1,9;1,8;1,8;1,7;2,1;1,7;1,7;1,9;2,2;1,4;
2808000;"Powiat kętrzyński";1,4;1,9;1,8;2,2;2,2;2,1;1,9;2,0;2,3;1,6;2,0;1,8;1,8;2,1;1,8;1,7;1,8;
2809000;"Powiat lidzbarski";1,7;2,0;1,5;1,4;2,6;1,9;1,6;2,3;2,0;1,6;2,0;2,1;1,9;2,0;1,7;2,0;1,8;
2810000;"Powiat mrągowski";1,5;2,1;1,7;1,9;2,6;2,4;2,1;2,0;1,8;1,9;2,3;1,6;1,7;2,2;1,9;2,0;2,0;
2811000;"Powiat nidzicki";0,7;1,1;1,5;2,0;2,1;1,8;1,8;1,3;1,5;1,6;1,6;1,6;2,3;1,5;1,8;1,7;1,1;
2812000;"Powiat nowomiejski";0,5;0,8;1,0;1,3;1,1;1,0;1,0;1,2;1,0;1,6;1,5;1,5;1,5;1,0;1,8;1,5;1,2;
2813000;"Powiat olecki";0,9;1,1;1,3;2,1;2,5;1,8;1,7;1,9;1,3;2,4;1,8;2,2;2,2;2,3;1,7;1,9;2,1;
2814000;"Powiat olsztyński";1,1;1,6;1,5;1,8;2,2;1,7;1,9;1,7;1,8;1,8;1,9;1,7;1,7;1,9;1,6;1,6;1,5;
2815000;"Powiat ostródzki";1,5;1,3;2,2;2,5;2,2;2,3;1,9;2,0;2,0;2,2;1,9;2,0;1,7;1,8;1,7;2,2;1,7;
2816000;"Powiat piski";1,0;1,2;1,4;1,7;2,5;2,0;1,7;2,1;2,1;1,6;1,8;1,5;1,8;1,6;1,5;1,7;1,8;
2817000;"Powiat szczycieński";1,1;1,2;1,3;1,7;2,4;2,2;1,4;1,4;1,8;1,6;1,6;1,5;1,9;1,8;1,6;1,8;1,8;
2818000;"Powiat gołdapski";1,2;1,3;1,3;1,5;2,5;1,5;1,9;1,6;2,1;2,3;1,6;1,6;1,8;1,8;2,0;1,8;1,5;
2819000;"Powiat węgorzewski";0,9;1,7;1,4;1,4;2,9;1,5;1,7;1,8;1,6;1,9;1,4;1,5;2,2;2,1;1,9;1,5;1,7;
2861000;"Powiat m.Elbląg";2,6;2,5;2,9;3,1;2,7;2,7;2,7;2,7;2,4;2,4;2,1;2,5;2,1;2,0;2,2;2,4;2,0;
2862000;"Powiat m.Olsztyn";2,3;3,1;2,9;2,5;3,6;3,0;2,6;2,7;2,7;2,5;2,5;2,3;2,1;2,3;2,2;2,4;2,1;
3000000;"WIELKOPOLSKIE";1,1;1,1;1,3;1,4;1,6;1,5;1,7;1,5;1,4;1,6;1,6;1,7;1,7;1,7;1,7;1,7;1,7;
3001000;"Powiat chodzieski";1,0;1,3;1,5;1,4;1,9;1,8;1,9;2,1;1,6;1,3;1,8;1,6;1,8;1,7;2,1;1,8;1,6;
3002000;"Powiat czarnkowsko-trzcianecki";0,9;1,0;1,3;1,4;1,7;1,4;1,8;1,7;1,2;1,5;1,6;1,5;1,6;1,5;1,7;1,9;1,7;
3003000;"Powiat gnieźnieński";0,9;0,8;0,9;1,1;1,2;1,3;1,5;1,2;1,0;1,2;1,4;1,6;1,6;1,5;1,8;1,5;1,5;
3004000;"Powiat gostyński";0,6;0,6;0,9;1,1;1,2;1,0;1,2;1,4;1,1;1,0;1,4;1,4;1,5;1,5;1,4;1,8;1,5;
3005000;"Powiat grodziski";0,7;0,5;0,4;0,8;1,0;0,8;1,0;0,7;0,9;0,9;1,0;1,2;1,3;1,5;1,2;1,2;1,3;
3006000;"Powiat jarociński";0,7;0,9;1,4;1,2;1,6;1,4;1,7;1,4;1,0;1,3;1,6;1,9;1,7;1,3;1,6;1,4;1,3;
3007000;"Powiat kaliski";0,7;0,6;1,0;0,9;0,9;1,0;0,9;0,8;1,2;1,0;1,2;1,1;1,2;1,1;1,4;1,3;1,0;
3008000;"Powiat kępiński";0,6;0,8;1,0;1,0;1,1;1,3;1,4;1,1;1,1;1,2;1,3;1,5;1,3;1,3;1,6;1,1;1,3;
3009000;"Powiat kolski";1,0;0,9;1,1;1,4;1,3;1,3;1,5;1,4;1,4;1,5;1,4;1,4;1,4;1,4;1,1;1,8;1,4;
3010000;"Powiat koniński";0,6;0,5;0,8;0,9;0,8;0,9;1,2;0,8;1,1;1,3;1,1;1,2;1,4;1,3;1,1;1,5;1,4;
3011000;"Powiat kościański";0,9;0,9;1,4;1,2;1,4;1,2;1,7;1,4;1,4;1,1;1,5;1,4;1,4;1,8;1,4;1,8;1,8;
3012000;"Powiat krotoszyński";0,6;0,8;1,1;1,1;1,1;1,0;1,1;1,1;1,3;1,4;1,6;1,6;1,3;1,2;1,5;1,5;1,3;
3013000;"Powiat leszczyński";0,7;0,7;0,7;0,9;1,0;1,1;1,3;1,1;1,2;0,9;1,6;1,0;1,2;1,6;1,2;1,9;1,3;
3014000;"Powiat międzychodzki";1,1;0,7;1,0;0,9;1,2;1,1;1,3;0,9;1,0;1,2;1,8;1,6;1,7;1,1;1,5;1,2;1,6;
3015000;"Powiat nowotomyski";0,7;0,7;0,9;0,9;1,1;0,8;1,3;1,1;1,1;1,3;1,2;1,4;1,8;1,5;2,1;1,6;1,3;
3016000;"Powiat obornicki";0,7;1,3;1,1;1,2;1,2;1,3;1,3;1,1;1,2;1,1;1,5;1,6;1,9;2,0;2,2;1,2;1,6;
3017000;"Powiat ostrowski";1,0;1,0;1,6;1,4;1,7;1,5;1,8;1,4;1,5;1,6;1,5;2,0;1,6;1,5;1,5;1,7;1,5;
3018000;"Powiat ostrzeszowski";0,8;0,6;1,1;1,1;1,2;1,0;1,3;1,1;0,9;1,3;1,2;1,5;1,5;1,4;1,4;1,2;1,2;
3019000;"Powiat pilski";1,5;1,7;1,9;2,0;2,9;2,2;2,4;2,4;2,2;2,1;2,1;1,9;2,0;1,9;2,2;2,1;2,2;
3020000;"Powiat pleszewski";0,6;0,7;1,0;1,0;1,3;1,0;1,3;1,0;1,3;1,3;1,4;1,4;1,3;1,0;1,3;1,3;1,2;
3021000;"Powiat poznański";1,1;1,0;1,0;1,1;1,3;1,3;1,6;1,3;1,3;1,5;1,6;1,8;1,7;1,8;1,9;1,8;1,9;
3022000;"Powiat rawicki";1,1;0,9;0,7;1,1;1,5;1,3;1,6;1,6;1,5;1,4;1,8;1,2;1,6;1,7;1,3;1,6;1,7;
3023000;"Powiat słupecki";0,9;0,9;1,0;1,0;1,2;1,1;1,2;1,2;1,1;1,3;1,3;1,6;1,3;1,6;1,4;1,9;1,6;
3024000;"Powiat szamotulski";0,8;0,9;1,0;1,0;1,0;1,3;1,5;1,1;1,2;1,4;1,6;1,4;1,4;1,8;2,0;1,7;1,7;
3025000;"Powiat średzki";0,7;0,6;1,0;0,8;0,9;0,9;1,0;1,0;0,7;1,2;1,3;1,5;1,5;1,4;1,7;1,5;1,9;
3026000;"Powiat śremski";0,9;0,6;0,6;0,9;1,1;1,1;1,5;1,0;1,1;1,4;1,2;1,8;1,7;1,7;2,0;1,5;1,3;
3027000;"Powiat turecki";0,9;0,8;1,1;1,3;1,1;1,2;1,5;1,1;1,4;1,0;1,2;1,1;1,4;1,5;1,1;2,0;1,5;
3028000;"Powiat wągrowiecki";0,8;0,7;1,3;1,5;1,7;1,5;1,4;1,5;1,5;1,4;1,9;1,4;1,7;1,3;1,8;1,6;1,9;
3029000;"Powiat wolsztyński";0,8;0,6;0,6;1,0;0,9;1,0;1,2;0,8;0,9;1,0;1,5;1,1;1,3;1,3;1,4;1,2;1,2;
3030000;"Powiat wrzesiński";0,8;0,8;0,6;1,2;1,0;0,9;1,3;1,2;0,9;1,3;1,5;1,1;1,6;1,8;1,9;1,6;1,8;
3031000;"Powiat złotowski";1,2;1,3;1,3;1,5;2,4;1,7;2,0;1,7;1,6;1,5;1,6;1,5;1,9;1,4;1,9;1,9;1,6;
3061000;"Powiat m.Kalisz";1,7;2,0;2,7;2,9;2,6;2,6;2,6;2,3;2,2;2,4;2,1;2,4;2,1;2,0;2,3;2,0;1,8;
3062000;"Powiat m.Konin";2,3;2,0;2,0;2,6;2,6;2,6;2,3;2,2;2,3;2,8;2,3;2,4;2,5;2,2;2,1;2,4;1,8;
3063000;"Powiat m.Leszno";2,1;2,2;2,5;2,9;2,9;2,4;3,0;2,7;2,4;2,0;2,8;2,1;2,2;2,7;2,0;2,7;2,6;
3064000;"Powiat m.Poznań";1,8;1,6;1,7;1,6;1,9;1,9;2,1;2,0;1,8;2,1;2,1;2,1;2,1;2,1;2,1;1,7;1,9;
3200000;"ZACHODNIOPOMORSKIE";1,7;1,7;2,1;2,2;2,7;2,2;2,2;2,2;1,9;2,1;1,9;1,9;1,9;1,9;1,8;2,0;1,9;
3201000;"Powiat białogardzki";1,0;1,1;1,5;1,7;1,8;2,1;2,0;2,2;1,6;2,3;1,7;1,9;2,2;2,0;1,7;1,9;1,7;
3202000;"Powiat choszczeński";0,7;0,9;1,3;1,9;1,7;1,3;1,4;1,8;1,6;1,5;1,4;1,3;1,3;2,0;1,5;1,5;1,8;
3203000;"Powiat drawski";1,0;1,0;1,3;1,1;2,0;1,7;2,0;2,1;1,4;2,3;1,7;2,3;1,8;1,8;1,6;1,4;1,6;
3204000;"Powiat goleniowski";1,6;1,6;1,9;2,4;2,7;2,1;2,0;1,8;2,0;2,2;1,8;1,7;2,1;1,7;1,7;2,1;2,1;
3205000;"Powiat gryficki";1,5;1,4;1,7;2,3;2,3;1,8;2,0;2,1;1,9;1,8;2,0;1,6;1,7;2,0;1,9;1,8;1,6;
3206000;"Powiat gryfiński";1,6;1,6;1,9;1,9;2,4;1,8;1,8;1,9;1,7;1,9;1,8;1,4;1,6;1,6;1,8;2,2;2,0;
3207000;"Powiat kamieński";1,5;1,6;1,6;1,9;2,6;1,9;2,5;1,8;2,0;1,6;1,9;1,8;1,4;1,5;2,2;2,4;2,2;
3208000;"Powiat kołobrzeski";1,3;1,2;1,9;1,8;2,3;2,2;2,0;2,0;1,6;2,4;1,8;2,2;2,0;1,8;1,9;1,9;1,8;
3209000;"Powiat koszaliński";0,7;0,9;1,4;1,4;1,6;1,4;1,3;1,6;1,4;2,0;1,6;2,1;1,8;1,3;1,5;1,6;1,5;
3210000;"Powiat myśliborski";0,6;1,1;1,5;2,0;2,6;1,9;2,2;1,8;1,9;1,9;1,8;1,7;1,9;1,7;1,8;1,9;2,0;
3211000;"Powiat policki";2,0;2,2;2,4;2,7;3,2;2,7;2,4;2,2;2,3;2,3;2,4;2,0;2,4;1,9;2,0;2,4;2,1;
3212000;"Powiat pyrzycki";1,6;1,1;1,1;1,9;2,3;1,5;1,4;1,7;1,5;1,3;1,6;1,6;1,5;1,0;1,4;1,3;2,1;
3213000;"Powiat sławieński";1,0;1,2;1,8;1,3;1,9;2,0;1,8;1,7;1,4;1,8;1,9;1,7;1,6;1,8;1,9;1,5;1,4;
3214000;"Powiat stargardzki";1,5;1,7;1,8;2,3;3,1;2,2;2,3;2,3;1,8;2,0;2,0;1,7;1,9;2,1;1,5;2,1;1,8;
3215000;"Powiat szczecinecki";1,2;1,1;2,3;1,5;2,2;1,9;2,1;1,7;1,5;1,7;1,6;2,0;1,6;1,6;1,7;1,7;1,5;
3216000;"Powiat świdwiński";0,8;0,7;1,5;1,1;1,9;1,6;1,7;1,6;1,2;1,5;1,4;1,7;1,6;1,9;1,8;1,4;1,5;
3217000;"Powiat wałecki";1,2;1,1;1,5;1,1;2,0;1,6;1,6;1,5;1,3;2,2;1,4;2,4;1,7;2,0;1,5;1,5;1,7;
3218000;"Powiat łobeski";1,1;1,4;1,1;2,2;2,0;1,6;1,4;1,6;1,7;1,7;1,5;1,2;1,6;1,6;1,3;1,8;1,9;
3261000;"Powiat m.Koszalin";1,8;1,8;2,3;2,0;2,9;2,5;3,2;2,5;2,1;2,7;2,1;2,3;2,3;2,0;2,4;1,9;2,2;
3262000;"Powiat m.Szczecin";2,6;2,7;3,0;3,0;3,8;2,9;2,8;3,2;2,5;2,4;2,2;2,1;2,2;2,2;2,0;2,3;2,2;
3263000;"Powiat m.Świnoujście";3,5;2,8;3,1;3,2;4,2;3,1;2,8;2,9;2,5;2,5;2,0;2,1;3,0;2,2;1,9;2,3;2,1;
